-- MySQL dump 10.13  Distrib 8.0.42, for Linux (x86_64)
--
-- Host: localhost    Database: visitorDB
-- ------------------------------------------------------
-- Server version	8.0.42-0ubuntu0.24.04.1

/*!40101 SET @OLD_CHARACTER_SET_CLIENT=@@CHARACTER_SET_CLIENT */;
/*!40101 SET @OLD_CHARACTER_SET_RESULTS=@@CHARACTER_SET_RESULTS */;
/*!40101 SET @OLD_COLLATION_CONNECTION=@@COLLATION_CONNECTION */;
/*!50503 SET NAMES utf8mb4 */;
/*!40103 SET @OLD_TIME_ZONE=@@TIME_ZONE */;
/*!40103 SET TIME_ZONE='+00:00' */;
/*!40014 SET @OLD_UNIQUE_CHECKS=@@UNIQUE_CHECKS, UNIQUE_CHECKS=0 */;
/*!40014 SET @OLD_FOREIGN_KEY_CHECKS=@@FOREIGN_KEY_CHECKS, FOREIGN_KEY_CHECKS=0 */;
/*!40101 SET @OLD_SQL_MODE=@@SQL_MODE, SQL_MODE='NO_AUTO_VALUE_ON_ZERO' */;
/*!40111 SET @OLD_SQL_NOTES=@@SQL_NOTES, SQL_NOTES=0 */;

--
-- Table structure for table `_prisma_migrations`
--

DROP TABLE IF EXISTS `_prisma_migrations`;
/*!40101 SET @saved_cs_client     = @@character_set_client */;
/*!50503 SET character_set_client = utf8mb4 */;
CREATE TABLE `_prisma_migrations` (
  `id` varchar(36) CHARACTER SET utf8mb4 COLLATE utf8mb4_unicode_ci NOT NULL,
  `checksum` varchar(64) CHARACTER SET utf8mb4 COLLATE utf8mb4_unicode_ci NOT NULL,
  `finished_at` datetime(3) DEFAULT NULL,
  `migration_name` varchar(255) CHARACTER SET utf8mb4 COLLATE utf8mb4_unicode_ci NOT NULL,
  `logs` text CHARACTER SET utf8mb4 COLLATE utf8mb4_unicode_ci,
  `rolled_back_at` datetime(3) DEFAULT NULL,
  `started_at` datetime(3) NOT NULL DEFAULT CURRENT_TIMESTAMP(3),
  `applied_steps_count` int unsigned NOT NULL DEFAULT '0',
  PRIMARY KEY (`id`)
) ENGINE=InnoDB DEFAULT CHARSET=utf8mb4 COLLATE=utf8mb4_unicode_ci;
/*!40101 SET character_set_client = @saved_cs_client */;

--
-- Dumping data for table `_prisma_migrations`
--

LOCK TABLES `_prisma_migrations` WRITE;
/*!40000 ALTER TABLE `_prisma_migrations` DISABLE KEYS */;
INSERT INTO `_prisma_migrations` VALUES ('57677ad9-b99f-4c1b-8614-56b59c0881de','804ca524684be7862455f377e0f89070b726d65433e2f5484f9670b2296a1847','2025-03-09 00:56:01.448','20250309005601_init',NULL,NULL,'2025-03-09 00:56:01.192',1);
/*!40000 ALTER TABLE `_prisma_migrations` ENABLE KEYS */;
UNLOCK TABLES;

--
-- Table structure for table `activitylog`
--

DROP TABLE IF EXISTS `activitylog`;
/*!40101 SET @saved_cs_client     = @@character_set_client */;
/*!50503 SET character_set_client = utf8mb4 */;
CREATE TABLE `activitylog` (
  `id` int NOT NULL AUTO_INCREMENT,
  `userId` int NOT NULL,
  `action` varchar(191) CHARACTER SET utf8mb4 COLLATE utf8mb4_unicode_ci NOT NULL,
  `timestamp` datetime(3) NOT NULL DEFAULT CURRENT_TIMESTAMP(3),
  PRIMARY KEY (`id`),
  KEY `ActivityLog_userId_fkey` (`userId`),
  CONSTRAINT `ActivityLog_userId_fkey` FOREIGN KEY (`userId`) REFERENCES `user` (`id`) ON DELETE CASCADE ON UPDATE CASCADE
) ENGINE=InnoDB DEFAULT CHARSET=utf8mb4 COLLATE=utf8mb4_unicode_ci;
/*!40101 SET character_set_client = @saved_cs_client */;

--
-- Dumping data for table `activitylog`
--

LOCK TABLES `activitylog` WRITE;
/*!40000 ALTER TABLE `activitylog` DISABLE KEYS */;
/*!40000 ALTER TABLE `activitylog` ENABLE KEYS */;
UNLOCK TABLES;

--
-- Table structure for table `bids`
--

DROP TABLE IF EXISTS `bids`;
/*!40101 SET @saved_cs_client     = @@character_set_client */;
/*!50503 SET character_set_client = utf8mb4 */;
CREATE TABLE `bids` (
  `id` int NOT NULL AUTO_INCREMENT,
  `user_card_id` int NOT NULL,
  `bid_amount` decimal(10,2) NOT NULL,
  `is_active` tinyint(1) NOT NULL DEFAULT '1',
  PRIMARY KEY (`id`),
  KEY `user_card_id` (`user_card_id`),
  CONSTRAINT `bids_ibfk_1` FOREIGN KEY (`user_card_id`) REFERENCES `user_cards` (`id`) ON DELETE CASCADE
) ENGINE=InnoDB AUTO_INCREMENT=8 DEFAULT CHARSET=utf8mb4 COLLATE=utf8mb4_unicode_ci;
/*!40101 SET character_set_client = @saved_cs_client */;

--
-- Dumping data for table `bids`
--

LOCK TABLES `bids` WRITE;
/*!40000 ALTER TABLE `bids` DISABLE KEYS */;
INSERT INTO `bids` VALUES (1,1,15.00,1),(2,1,20.00,1),(3,2,50.00,1),(4,1,15.00,1),(5,1,15.00,1),(6,1,20.00,1),(7,2,50.00,1);
/*!40000 ALTER TABLE `bids` ENABLE KEYS */;
UNLOCK TABLES;

--
-- Table structure for table `cards`
--

DROP TABLE IF EXISTS `cards`;
/*!40101 SET @saved_cs_client     = @@character_set_client */;
/*!50503 SET character_set_client = utf8mb4 */;
CREATE TABLE `cards` (
  `id` int NOT NULL AUTO_INCREMENT,
  `name` varchar(255) COLLATE utf8mb4_unicode_ci NOT NULL,
  `set_name` varchar(255) COLLATE utf8mb4_unicode_ci NOT NULL,
  `set_number` varchar(50) COLLATE utf8mb4_unicode_ci DEFAULT NULL,
  `rarity` varchar(50) COLLATE utf8mb4_unicode_ci NOT NULL,
  `card_type` varchar(50) COLLATE utf8mb4_unicode_ci DEFAULT NULL,
  `image_url` varchar(255) COLLATE utf8mb4_unicode_ci DEFAULT NULL,
  `small_image_url` varchar(255) COLLATE utf8mb4_unicode_ci DEFAULT NULL,
  PRIMARY KEY (`id`)
) ENGINE=InnoDB AUTO_INCREMENT=9 DEFAULT CHARSET=utf8mb4 COLLATE=utf8mb4_unicode_ci;
/*!40101 SET character_set_client = @saved_cs_client */;

--
-- Dumping data for table `cards`
--

LOCK TABLES `cards` WRITE;
/*!40000 ALTER TABLE `cards` DISABLE KEYS */;
INSERT INTO `cards` VALUES (1,'Pikachu','Base Set','58/102','Rare','Pokémon','https://th.bing.com/th/id/OIP.WOWewqhbWG1rSvDJU298lgAAAA?rs=1&pid=ImgDetMain&cb=idpwebp2&o=7&rm=3','https://th.bing.com/th/id/OIP.WOWewqhbWG1rSvDJU298lgAAAA?rs=1&pid=ImgDetMain&cb=idpwebp2&o=7&rm=3'),(2,'Charizard','Base Set','4/102','Rare Holo','Pokémon','https://m.media-amazon.com/images/I/51rl3LHnFEL._AC_.jpg','https://m.media-amazon.com/images/I/51rl3LHnFEL._AC_.jpg'),(3,'Pikachu','Base Set','58/102','Rare','Pokémon','https://th.bing.com/th/id/OIP.WOWewqhbWG1rSvDJU298lgAAAA?rs=1&pid=ImgDetMain','https://th.bing.com/th/id/OIP.WOWewqhbWG1rSvDJU298lgAAAA?rs=1&pid=ImgDetMain'),(4,'Charizard','Base Set','4/102','Rare Holo','Pokémon','https://m.media-amazon.com/images/I/51rl3LHnFEL._AC_.jpg','https://m.media-amazon.com/images/I/51rl3LHnFEL._AC_.jpg'),(5,'Pikachu','Base Set','58/102','Rare','Pokémon','https://th.bing.com/th/id/OIP.WOWewqhbWG1rSvDJU298lgAAAA?rs=1&pid=ImgDetMain&cb=idpwebp2&o=7&rm=3','https://th.bing.com/th/id/OIP.WOWewqhbWG1rSvDJU298lgAAAA?rs=1&pid=ImgDetMain&cb=idpwebp2&o=7&rm=3'),(6,'Charizard','Base Set','4/102','Rare Holo','Pokémon','https://m.media-amazon.com/images/I/51rl3LHnFEL._AC_.jpg','https://m.media-amazon.com/images/I/51rl3LHnFEL._AC_.jpg'),(7,'Pikachu','Base Set','58/102','Rare','Pokémon','https://th.bing.com/th/id/OIP.WOWewqhbWG1rSvDJU298lgAAAA?rs=1&pid=ImgDetMain','https://th.bing.com/th/id/OIP.WOWewqhbWG1rSvDJU298lgAAAA?rs=1&pid=ImgDetMain'),(8,'Charizard','Base Set','4/102','Rare Holo','Pokémon','https://m.media-amazon.com/images/I/51rl3LHnFEL._AC_.jpg','https://m.media-amazon.com/images/I/51rl3LHnFEL._AC_.jpg');
/*!40000 ALTER TABLE `cards` ENABLE KEYS */;
UNLOCK TABLES;

--
-- Table structure for table `pricehistory`
--

DROP TABLE IF EXISTS `pricehistory`;
/*!40101 SET @saved_cs_client     = @@character_set_client */;
/*!50503 SET character_set_client = utf8mb4 */;
CREATE TABLE `pricehistory` (
  `id` int NOT NULL AUTO_INCREMENT,
  `product_id` int NOT NULL,
  `retailer` varchar(50) NOT NULL DEFAULT 'Unknown',
  `price` decimal(10,2) NOT NULL,
  `recorded_at` datetime NOT NULL DEFAULT CURRENT_TIMESTAMP,
  `stock_status` varchar(50) DEFAULT NULL COMMENT 'Stock status (e.g., AVAILABLE, OUT_OF_STOCK)',
  `store_quantity` int DEFAULT NULL COMMENT 'Available quantity for in-store pickup',
  `ship_quantity` int DEFAULT NULL COMMENT 'Available quantity for shipping',
  PRIMARY KEY (`id`),
  KEY `idx_product_retailer_date` (`product_id`,`retailer`,`recorded_at`),
  CONSTRAINT `priceHistory_ibfk_1` FOREIGN KEY (`product_id`) REFERENCES `products` (`product_id`) ON DELETE CASCADE
) ENGINE=InnoDB AUTO_INCREMENT=2271 DEFAULT CHARSET=utf8mb4 COLLATE=utf8mb4_0900_ai_ci;
/*!40101 SET character_set_client = @saved_cs_client */;

--
-- Dumping data for table `pricehistory`
--

LOCK TABLES `pricehistory` WRITE;
/*!40000 ALTER TABLE `pricehistory` DISABLE KEYS */;
INSERT INTO `pricehistory` VALUES (209,10,'BestBuy',21.99,'2025-03-01 00:00:00',NULL,NULL,NULL),(210,10,'Walmart',21.99,'2025-03-01 00:00:00',NULL,NULL,NULL),(211,10,'Target',21.99,'2025-03-01 00:00:00',NULL,NULL,NULL),(212,9,'BestBuy',31.99,'2025-03-01 00:00:00',NULL,NULL,NULL),(213,9,'Walmart',31.99,'2025-03-01 00:00:00',NULL,NULL,NULL),(214,9,'Target',31.99,'2025-03-01 00:00:00',NULL,NULL,NULL),(215,8,'BestBuy',99.99,'2025-03-01 00:00:00',NULL,NULL,NULL),(216,8,'Walmart',99.99,'2025-03-01 00:00:00',NULL,NULL,NULL),(217,8,'Target',99.99,'2025-03-01 00:00:00',NULL,NULL,NULL),(218,7,'BestBuy',54.99,'2025-03-01 00:00:00',NULL,NULL,NULL),(219,7,'Walmart',54.99,'2025-03-01 00:00:00',NULL,NULL,NULL),(220,7,'Target',54.99,'2025-03-01 00:00:00',NULL,NULL,NULL),(221,6,'BestBuy',27.99,'2025-03-01 00:00:00',NULL,NULL,NULL),(222,6,'Walmart',27.99,'2025-03-01 00:00:00',NULL,NULL,NULL),(223,6,'Target',27.99,'2025-03-01 00:00:00',NULL,NULL,NULL),(224,5,'BestBuy',27.99,'2025-03-01 00:00:00',NULL,NULL,NULL),(225,5,'Walmart',27.99,'2025-03-01 00:00:00',NULL,NULL,NULL),(226,5,'Target',27.99,'2025-03-01 00:00:00',NULL,NULL,NULL),(227,4,'BestBuy',54.99,'2025-03-01 00:00:00',NULL,NULL,NULL),(228,4,'Walmart',54.99,'2025-03-01 00:00:00',NULL,NULL,NULL),(229,4,'Target',54.99,'2025-03-01 00:00:00',NULL,NULL,NULL),(230,2,'BestBuy',14.99,'2025-03-01 00:00:00',NULL,NULL,NULL),(231,2,'Walmart',41.99,'2025-03-01 00:00:00',NULL,NULL,NULL),(232,2,'Target',16.99,'2025-03-01 00:00:00',NULL,NULL,NULL),(233,10,'BestBuy',21.99,'2025-03-02 00:00:00',NULL,NULL,NULL),(234,10,'Walmart',21.99,'2025-03-02 00:00:00',NULL,NULL,NULL),(235,10,'Target',21.99,'2025-03-02 00:00:00',NULL,NULL,NULL),(236,9,'BestBuy',31.99,'2025-03-02 00:00:00',NULL,NULL,NULL),(237,9,'Walmart',31.99,'2025-03-02 00:00:00',NULL,NULL,NULL),(238,9,'Target',31.99,'2025-03-02 00:00:00',NULL,NULL,NULL),(239,8,'BestBuy',99.99,'2025-03-02 00:00:00',NULL,NULL,NULL),(240,8,'Walmart',99.99,'2025-03-02 00:00:00',NULL,NULL,NULL),(241,8,'Target',99.99,'2025-03-02 00:00:00',NULL,NULL,NULL),(242,7,'BestBuy',54.99,'2025-03-02 00:00:00',NULL,NULL,NULL),(243,7,'Walmart',54.99,'2025-03-02 00:00:00',NULL,NULL,NULL),(244,7,'Target',54.99,'2025-03-02 00:00:00',NULL,NULL,NULL),(245,6,'BestBuy',27.99,'2025-03-02 00:00:00',NULL,NULL,NULL),(246,6,'Walmart',27.99,'2025-03-02 00:00:00',NULL,NULL,NULL),(247,6,'Target',27.99,'2025-03-02 00:00:00',NULL,NULL,NULL),(248,5,'BestBuy',27.99,'2025-03-02 00:00:00',NULL,NULL,NULL),(249,5,'Walmart',27.99,'2025-03-02 00:00:00',NULL,NULL,NULL),(250,5,'Target',27.99,'2025-03-02 00:00:00',NULL,NULL,NULL),(251,4,'BestBuy',54.99,'2025-03-02 00:00:00',NULL,NULL,NULL),(252,4,'Walmart',54.99,'2025-03-02 00:00:00',NULL,NULL,NULL),(253,4,'Target',54.99,'2025-03-02 00:00:00',NULL,NULL,NULL),(254,2,'BestBuy',14.99,'2025-03-02 00:00:00',NULL,NULL,NULL),(255,2,'Walmart',41.99,'2025-03-02 00:00:00',NULL,NULL,NULL),(256,2,'Target',16.99,'2025-03-02 00:00:00',NULL,NULL,NULL),(257,10,'BestBuy',21.99,'2025-03-03 00:00:00',NULL,NULL,NULL),(258,10,'Walmart',21.99,'2025-03-03 00:00:00',NULL,NULL,NULL),(259,10,'Target',21.99,'2025-03-03 00:00:00',NULL,NULL,NULL),(260,9,'BestBuy',31.99,'2025-03-03 00:00:00',NULL,NULL,NULL),(261,9,'Walmart',31.99,'2025-03-03 00:00:00',NULL,NULL,NULL),(262,9,'Target',31.99,'2025-03-03 00:00:00',NULL,NULL,NULL),(263,8,'BestBuy',99.99,'2025-03-03 00:00:00',NULL,NULL,NULL),(264,8,'Walmart',99.99,'2025-03-03 00:00:00',NULL,NULL,NULL),(265,8,'Target',99.99,'2025-03-03 00:00:00',NULL,NULL,NULL),(266,7,'BestBuy',54.99,'2025-03-03 00:00:00',NULL,NULL,NULL),(267,7,'Walmart',54.99,'2025-03-03 00:00:00',NULL,NULL,NULL),(268,7,'Target',54.99,'2025-03-03 00:00:00',NULL,NULL,NULL),(269,6,'BestBuy',27.99,'2025-03-03 00:00:00',NULL,NULL,NULL),(270,6,'Walmart',27.99,'2025-03-03 00:00:00',NULL,NULL,NULL),(271,6,'Target',27.99,'2025-03-03 00:00:00',NULL,NULL,NULL),(272,5,'BestBuy',27.99,'2025-03-03 00:00:00',NULL,NULL,NULL),(273,5,'Walmart',27.99,'2025-03-03 00:00:00',NULL,NULL,NULL),(274,5,'Target',27.99,'2025-03-03 00:00:00',NULL,NULL,NULL),(275,4,'BestBuy',54.99,'2025-03-03 00:00:00',NULL,NULL,NULL),(276,4,'Walmart',54.99,'2025-03-03 00:00:00',NULL,NULL,NULL),(277,4,'Target',54.99,'2025-03-03 00:00:00',NULL,NULL,NULL),(278,2,'BestBuy',14.99,'2025-03-03 00:00:00',NULL,NULL,NULL),(279,2,'Walmart',41.99,'2025-03-03 00:00:00',NULL,NULL,NULL),(280,2,'Target',16.99,'2025-03-03 00:00:00',NULL,NULL,NULL),(281,10,'BestBuy',21.99,'2025-03-04 00:00:00',NULL,NULL,NULL),(282,10,'Walmart',21.99,'2025-03-04 00:00:00',NULL,NULL,NULL),(283,10,'Target',21.99,'2025-03-04 00:00:00',NULL,NULL,NULL),(284,9,'BestBuy',31.99,'2025-03-04 00:00:00',NULL,NULL,NULL),(285,9,'Walmart',31.99,'2025-03-04 00:00:00',NULL,NULL,NULL),(286,9,'Target',31.99,'2025-03-04 00:00:00',NULL,NULL,NULL),(287,8,'BestBuy',99.99,'2025-03-04 00:00:00',NULL,NULL,NULL),(288,8,'Walmart',99.99,'2025-03-04 00:00:00',NULL,NULL,NULL),(289,8,'Target',99.99,'2025-03-04 00:00:00',NULL,NULL,NULL),(290,7,'BestBuy',54.99,'2025-03-04 00:00:00',NULL,NULL,NULL),(291,7,'Walmart',54.99,'2025-03-04 00:00:00',NULL,NULL,NULL),(292,7,'Target',54.99,'2025-03-04 00:00:00',NULL,NULL,NULL),(293,6,'BestBuy',27.99,'2025-03-04 00:00:00',NULL,NULL,NULL),(294,6,'Walmart',27.99,'2025-03-04 00:00:00',NULL,NULL,NULL),(295,6,'Target',27.99,'2025-03-04 00:00:00',NULL,NULL,NULL),(296,5,'BestBuy',27.99,'2025-03-04 00:00:00',NULL,NULL,NULL),(297,5,'Walmart',27.99,'2025-03-04 00:00:00',NULL,NULL,NULL),(298,5,'Target',27.99,'2025-03-04 00:00:00',NULL,NULL,NULL),(299,4,'BestBuy',54.99,'2025-03-04 00:00:00',NULL,NULL,NULL),(300,4,'Walmart',54.99,'2025-03-04 00:00:00',NULL,NULL,NULL),(301,4,'Target',54.99,'2025-03-04 00:00:00',NULL,NULL,NULL),(302,2,'BestBuy',14.99,'2025-03-04 00:00:00',NULL,NULL,NULL),(303,2,'Walmart',41.99,'2025-03-04 00:00:00',NULL,NULL,NULL),(304,2,'Target',16.99,'2025-03-04 00:00:00',NULL,NULL,NULL),(305,10,'BestBuy',21.99,'2025-03-05 00:00:00',NULL,NULL,NULL),(306,10,'Walmart',21.99,'2025-03-05 00:00:00',NULL,NULL,NULL),(307,10,'Target',21.99,'2025-03-05 00:00:00',NULL,NULL,NULL),(308,9,'BestBuy',31.99,'2025-03-05 00:00:00',NULL,NULL,NULL),(309,9,'Walmart',31.99,'2025-03-05 00:00:00',NULL,NULL,NULL),(310,9,'Target',31.99,'2025-03-05 00:00:00',NULL,NULL,NULL),(311,8,'BestBuy',99.99,'2025-03-05 00:00:00',NULL,NULL,NULL),(312,8,'Walmart',99.99,'2025-03-05 00:00:00',NULL,NULL,NULL),(313,8,'Target',99.99,'2025-03-05 00:00:00',NULL,NULL,NULL),(314,7,'BestBuy',54.99,'2025-03-05 00:00:00',NULL,NULL,NULL),(315,7,'Walmart',54.99,'2025-03-05 00:00:00',NULL,NULL,NULL),(316,7,'Target',54.99,'2025-03-05 00:00:00',NULL,NULL,NULL),(317,6,'BestBuy',27.99,'2025-03-05 00:00:00',NULL,NULL,NULL),(318,6,'Walmart',27.99,'2025-03-05 00:00:00',NULL,NULL,NULL),(319,6,'Target',27.99,'2025-03-05 00:00:00',NULL,NULL,NULL),(320,5,'BestBuy',27.99,'2025-03-05 00:00:00',NULL,NULL,NULL),(321,5,'Walmart',27.99,'2025-03-05 00:00:00',NULL,NULL,NULL),(322,5,'Target',27.99,'2025-03-05 00:00:00',NULL,NULL,NULL),(323,4,'BestBuy',54.99,'2025-03-05 00:00:00',NULL,NULL,NULL),(324,4,'Walmart',54.99,'2025-03-05 00:00:00',NULL,NULL,NULL),(325,4,'Target',54.99,'2025-03-05 00:00:00',NULL,NULL,NULL),(326,2,'BestBuy',14.99,'2025-03-05 00:00:00',NULL,NULL,NULL),(327,2,'Walmart',41.99,'2025-03-05 00:00:00',NULL,NULL,NULL),(328,2,'Target',16.99,'2025-03-05 00:00:00',NULL,NULL,NULL),(329,10,'BestBuy',21.99,'2025-03-06 00:00:00',NULL,NULL,NULL),(330,10,'Walmart',21.99,'2025-03-06 00:00:00',NULL,NULL,NULL),(331,10,'Target',21.99,'2025-03-06 00:00:00',NULL,NULL,NULL),(332,9,'BestBuy',31.99,'2025-03-06 00:00:00',NULL,NULL,NULL),(333,9,'Walmart',31.99,'2025-03-06 00:00:00',NULL,NULL,NULL),(334,9,'Target',31.99,'2025-03-06 00:00:00',NULL,NULL,NULL),(335,8,'BestBuy',99.99,'2025-03-06 00:00:00',NULL,NULL,NULL),(336,8,'Walmart',99.99,'2025-03-06 00:00:00',NULL,NULL,NULL),(337,8,'Target',99.99,'2025-03-06 00:00:00',NULL,NULL,NULL),(338,7,'BestBuy',54.99,'2025-03-06 00:00:00',NULL,NULL,NULL),(339,7,'Walmart',54.99,'2025-03-06 00:00:00',NULL,NULL,NULL),(340,7,'Target',54.99,'2025-03-06 00:00:00',NULL,NULL,NULL),(341,6,'BestBuy',27.99,'2025-03-06 00:00:00',NULL,NULL,NULL),(342,6,'Walmart',27.99,'2025-03-06 00:00:00',NULL,NULL,NULL),(343,6,'Target',27.99,'2025-03-06 00:00:00',NULL,NULL,NULL),(344,5,'BestBuy',27.99,'2025-03-06 00:00:00',NULL,NULL,NULL),(345,5,'Walmart',27.99,'2025-03-06 00:00:00',NULL,NULL,NULL),(346,5,'Target',27.99,'2025-03-06 00:00:00',NULL,NULL,NULL),(347,4,'BestBuy',54.99,'2025-03-06 00:00:00',NULL,NULL,NULL),(348,4,'Walmart',54.99,'2025-03-06 00:00:00',NULL,NULL,NULL),(349,4,'Target',54.99,'2025-03-06 00:00:00',NULL,NULL,NULL),(350,2,'BestBuy',14.99,'2025-03-06 00:00:00',NULL,NULL,NULL),(351,2,'Walmart',41.99,'2025-03-06 00:00:00',NULL,NULL,NULL),(352,2,'Target',16.99,'2025-03-06 00:00:00',NULL,NULL,NULL),(353,10,'BestBuy',21.99,'2025-03-07 00:00:00',NULL,NULL,NULL),(354,10,'Walmart',21.99,'2025-03-07 00:00:00',NULL,NULL,NULL),(355,10,'Target',21.99,'2025-03-07 00:00:00',NULL,NULL,NULL),(356,9,'BestBuy',31.99,'2025-03-07 00:00:00',NULL,NULL,NULL),(357,9,'Walmart',31.99,'2025-03-07 00:00:00',NULL,NULL,NULL),(358,9,'Target',31.99,'2025-03-07 00:00:00',NULL,NULL,NULL),(359,8,'BestBuy',99.99,'2025-03-07 00:00:00',NULL,NULL,NULL),(360,8,'Walmart',99.99,'2025-03-07 00:00:00',NULL,NULL,NULL),(361,8,'Target',99.99,'2025-03-07 00:00:00',NULL,NULL,NULL),(362,7,'BestBuy',54.99,'2025-03-07 00:00:00',NULL,NULL,NULL),(363,7,'Walmart',54.99,'2025-03-07 00:00:00',NULL,NULL,NULL),(364,7,'Target',54.99,'2025-03-07 00:00:00',NULL,NULL,NULL),(365,6,'BestBuy',27.99,'2025-03-07 00:00:00',NULL,NULL,NULL),(366,6,'Walmart',27.99,'2025-03-07 00:00:00',NULL,NULL,NULL),(367,6,'Target',27.99,'2025-03-07 00:00:00',NULL,NULL,NULL),(368,5,'BestBuy',27.99,'2025-03-07 00:00:00',NULL,NULL,NULL),(369,5,'Walmart',27.99,'2025-03-07 00:00:00',NULL,NULL,NULL),(370,5,'Target',27.99,'2025-03-07 00:00:00',NULL,NULL,NULL),(371,4,'BestBuy',54.99,'2025-03-07 00:00:00',NULL,NULL,NULL),(372,4,'Walmart',54.99,'2025-03-07 00:00:00',NULL,NULL,NULL),(373,4,'Target',54.99,'2025-03-07 00:00:00',NULL,NULL,NULL),(374,2,'BestBuy',14.99,'2025-03-07 00:00:00',NULL,NULL,NULL),(375,2,'Walmart',41.99,'2025-03-07 00:00:00',NULL,NULL,NULL),(376,2,'Target',16.99,'2025-03-07 00:00:00',NULL,NULL,NULL),(377,10,'BestBuy',21.99,'2025-03-08 00:00:00',NULL,NULL,NULL),(378,10,'Walmart',21.99,'2025-03-08 00:00:00',NULL,NULL,NULL),(379,10,'Target',21.99,'2025-03-08 00:00:00',NULL,NULL,NULL),(380,9,'BestBuy',31.99,'2025-03-08 00:00:00',NULL,NULL,NULL),(381,9,'Walmart',31.99,'2025-03-08 00:00:00',NULL,NULL,NULL),(382,9,'Target',31.99,'2025-03-08 00:00:00',NULL,NULL,NULL),(383,8,'BestBuy',99.99,'2025-03-08 00:00:00',NULL,NULL,NULL),(384,8,'Walmart',99.99,'2025-03-08 00:00:00',NULL,NULL,NULL),(385,8,'Target',99.99,'2025-03-08 00:00:00',NULL,NULL,NULL),(386,7,'BestBuy',54.99,'2025-03-08 00:00:00',NULL,NULL,NULL),(387,7,'Walmart',54.99,'2025-03-08 00:00:00',NULL,NULL,NULL),(388,7,'Target',54.99,'2025-03-08 00:00:00',NULL,NULL,NULL),(389,6,'BestBuy',27.99,'2025-03-08 00:00:00',NULL,NULL,NULL),(390,6,'Walmart',27.99,'2025-03-08 00:00:00',NULL,NULL,NULL),(391,6,'Target',27.99,'2025-03-08 00:00:00',NULL,NULL,NULL),(392,5,'BestBuy',27.99,'2025-03-08 00:00:00',NULL,NULL,NULL),(393,5,'Walmart',27.99,'2025-03-08 00:00:00',NULL,NULL,NULL),(394,5,'Target',27.99,'2025-03-08 00:00:00',NULL,NULL,NULL),(395,4,'BestBuy',54.99,'2025-03-08 00:00:00',NULL,NULL,NULL),(396,4,'Walmart',54.99,'2025-03-08 00:00:00',NULL,NULL,NULL),(397,4,'Target',54.99,'2025-03-08 00:00:00',NULL,NULL,NULL),(398,2,'BestBuy',14.99,'2025-03-08 00:00:00',NULL,NULL,NULL),(399,2,'Walmart',41.99,'2025-03-08 00:00:00',NULL,NULL,NULL),(400,2,'Target',16.99,'2025-03-08 00:00:00',NULL,NULL,NULL),(401,10,'BestBuy',21.99,'2025-03-09 00:00:00',NULL,NULL,NULL),(402,10,'Walmart',21.99,'2025-03-09 00:00:00',NULL,NULL,NULL),(403,10,'Target',21.99,'2025-03-09 00:00:00',NULL,NULL,NULL),(404,9,'BestBuy',31.99,'2025-03-09 00:00:00',NULL,NULL,NULL),(405,9,'Walmart',31.99,'2025-03-09 00:00:00',NULL,NULL,NULL),(406,9,'Target',31.99,'2025-03-09 00:00:00',NULL,NULL,NULL),(407,8,'BestBuy',99.99,'2025-03-09 00:00:00',NULL,NULL,NULL),(408,8,'Walmart',99.99,'2025-03-09 00:00:00',NULL,NULL,NULL),(409,8,'Target',99.99,'2025-03-09 00:00:00',NULL,NULL,NULL),(410,7,'BestBuy',54.99,'2025-03-09 00:00:00',NULL,NULL,NULL),(411,7,'Walmart',54.99,'2025-03-09 00:00:00',NULL,NULL,NULL),(412,7,'Target',54.99,'2025-03-09 00:00:00',NULL,NULL,NULL),(413,6,'BestBuy',27.99,'2025-03-09 00:00:00',NULL,NULL,NULL),(414,6,'Walmart',27.99,'2025-03-09 00:00:00',NULL,NULL,NULL),(415,6,'Target',27.99,'2025-03-09 00:00:00',NULL,NULL,NULL),(416,5,'BestBuy',27.99,'2025-03-09 00:00:00',NULL,NULL,NULL),(417,5,'Walmart',27.99,'2025-03-09 00:00:00',NULL,NULL,NULL),(418,5,'Target',27.99,'2025-03-09 00:00:00',NULL,NULL,NULL),(419,4,'BestBuy',54.99,'2025-03-09 00:00:00',NULL,NULL,NULL),(420,4,'Walmart',54.99,'2025-03-09 00:00:00',NULL,NULL,NULL),(421,4,'Target',54.99,'2025-03-09 00:00:00',NULL,NULL,NULL),(422,2,'BestBuy',14.99,'2025-03-09 00:00:00',NULL,NULL,NULL),(423,2,'Walmart',41.99,'2025-03-09 00:00:00',NULL,NULL,NULL),(424,2,'Target',16.99,'2025-03-09 00:00:00',NULL,NULL,NULL),(464,1,'Target',99.99,'2025-03-16 00:00:00',NULL,NULL,NULL),(465,1,'BestBuy',89.99,'2025-03-16 00:00:00',NULL,NULL,NULL),(466,1,'Walmart',59.95,'2025-03-16 00:00:00',NULL,NULL,NULL),(467,1,'GameStop',99.99,'2025-03-16 00:00:00',NULL,NULL,NULL),(468,4,'Barnes & Noble',54.99,'2025-03-16 00:00:00',NULL,NULL,NULL),(469,4,'GameStop',49.99,'2025-03-16 00:00:00',NULL,NULL,NULL),(470,10,'GameStop',21.99,'2025-03-22 00:00:00',NULL,NULL,NULL),(471,9,'GameStop',29.99,'2025-03-22 00:00:00',NULL,NULL,NULL),(472,9,'Barnes & Noble',29.99,'2025-03-22 00:00:00',NULL,NULL,NULL),(473,7,'GameStop',189.99,'2025-03-22 00:00:00',NULL,NULL,NULL),(474,6,'GameStop',26.99,'2025-03-22 00:00:00',NULL,NULL,NULL),(475,5,'GameStop',39.99,'2025-03-22 00:00:00',NULL,NULL,NULL),(476,2,'GameStop',14.99,'2025-03-22 00:00:00',NULL,NULL,NULL),(477,11,'Target',29.99,'2025-03-22 00:00:00',NULL,NULL,NULL),(478,11,'BestBuy',26.94,'2025-03-22 00:00:00',NULL,NULL,NULL),(479,11,'Walmart',74.95,'2025-03-22 00:00:00',NULL,NULL,NULL),(480,11,'GameStop',29.99,'2025-03-22 00:00:00',NULL,NULL,NULL),(481,12,'Target',49.99,'2025-03-22 00:00:00',NULL,NULL,NULL),(482,12,'BestBuy',49.99,'2025-03-22 00:00:00',NULL,NULL,NULL),(483,12,'GameStop',49.99,'2025-03-22 00:00:00',NULL,NULL,NULL),(744,12,'BestBuy',49.99,'2025-03-01 00:00:00',NULL,NULL,NULL),(745,12,'GameStop',49.99,'2025-03-01 00:00:00',NULL,NULL,NULL),(746,12,'Target',49.99,'2025-03-01 00:00:00',NULL,NULL,NULL),(747,12,'BestBuy',49.99,'2025-03-02 00:00:00',NULL,NULL,NULL),(748,12,'GameStop',49.99,'2025-03-02 00:00:00',NULL,NULL,NULL),(749,12,'Target',49.99,'2025-03-02 00:00:00',NULL,NULL,NULL),(750,12,'BestBuy',49.99,'2025-03-03 00:00:00',NULL,NULL,NULL),(751,12,'GameStop',49.99,'2025-03-03 00:00:00',NULL,NULL,NULL),(752,12,'Target',49.99,'2025-03-03 00:00:00',NULL,NULL,NULL),(753,12,'BestBuy',49.99,'2025-03-04 00:00:00',NULL,NULL,NULL),(754,12,'GameStop',49.99,'2025-03-04 00:00:00',NULL,NULL,NULL),(755,12,'Target',49.99,'2025-03-04 00:00:00',NULL,NULL,NULL),(756,12,'BestBuy',49.99,'2025-03-05 00:00:00',NULL,NULL,NULL),(757,12,'GameStop',49.99,'2025-03-05 00:00:00',NULL,NULL,NULL),(758,12,'Target',49.99,'2025-03-05 00:00:00',NULL,NULL,NULL),(759,12,'BestBuy',49.99,'2025-03-06 00:00:00',NULL,NULL,NULL),(760,12,'GameStop',49.99,'2025-03-06 00:00:00',NULL,NULL,NULL),(761,12,'Target',49.99,'2025-03-06 00:00:00',NULL,NULL,NULL),(762,12,'BestBuy',49.99,'2025-03-07 00:00:00',NULL,NULL,NULL),(763,12,'GameStop',49.99,'2025-03-07 00:00:00',NULL,NULL,NULL),(764,12,'Target',49.99,'2025-03-07 00:00:00',NULL,NULL,NULL),(765,12,'BestBuy',49.99,'2025-03-08 00:00:00',NULL,NULL,NULL),(766,12,'GameStop',49.99,'2025-03-08 00:00:00',NULL,NULL,NULL),(767,12,'Target',49.99,'2025-03-08 00:00:00',NULL,NULL,NULL),(768,12,'BestBuy',49.99,'2025-03-09 00:00:00',NULL,NULL,NULL),(769,12,'GameStop',49.99,'2025-03-09 00:00:00',NULL,NULL,NULL),(770,12,'Target',49.99,'2025-03-09 00:00:00',NULL,NULL,NULL),(771,12,'BestBuy',49.99,'2025-03-10 00:00:00',NULL,NULL,NULL),(772,12,'GameStop',49.99,'2025-03-10 00:00:00',NULL,NULL,NULL),(773,12,'Target',49.99,'2025-03-10 00:00:00',NULL,NULL,NULL),(774,12,'BestBuy',49.99,'2025-03-11 00:00:00',NULL,NULL,NULL),(775,12,'GameStop',49.99,'2025-03-11 00:00:00',NULL,NULL,NULL),(776,12,'Target',49.99,'2025-03-11 00:00:00',NULL,NULL,NULL),(777,12,'BestBuy',49.99,'2025-03-12 00:00:00',NULL,NULL,NULL),(778,12,'GameStop',49.99,'2025-03-12 00:00:00',NULL,NULL,NULL),(779,12,'Target',49.99,'2025-03-12 00:00:00',NULL,NULL,NULL),(780,12,'BestBuy',49.99,'2025-03-13 00:00:00',NULL,NULL,NULL),(781,12,'GameStop',49.99,'2025-03-13 00:00:00',NULL,NULL,NULL),(782,12,'Target',49.99,'2025-03-13 00:00:00',NULL,NULL,NULL),(783,12,'BestBuy',49.99,'2025-03-14 00:00:00',NULL,NULL,NULL),(784,12,'GameStop',49.99,'2025-03-14 00:00:00',NULL,NULL,NULL),(785,12,'Target',49.99,'2025-03-14 00:00:00',NULL,NULL,NULL),(786,12,'BestBuy',49.99,'2025-03-15 00:00:00',NULL,NULL,NULL),(787,12,'GameStop',49.99,'2025-03-15 00:00:00',NULL,NULL,NULL),(788,12,'Target',49.99,'2025-03-15 00:00:00',NULL,NULL,NULL),(789,12,'BestBuy',49.99,'2025-03-16 00:00:00',NULL,NULL,NULL),(790,12,'GameStop',49.99,'2025-03-16 00:00:00',NULL,NULL,NULL),(791,12,'Target',49.99,'2025-03-16 00:00:00',NULL,NULL,NULL),(792,12,'BestBuy',49.99,'2025-03-17 00:00:00',NULL,NULL,NULL),(793,12,'GameStop',49.99,'2025-03-17 00:00:00',NULL,NULL,NULL),(794,12,'Target',49.99,'2025-03-17 00:00:00',NULL,NULL,NULL),(795,12,'BestBuy',49.99,'2025-03-18 00:00:00',NULL,NULL,NULL),(796,12,'GameStop',49.99,'2025-03-18 00:00:00',NULL,NULL,NULL),(797,12,'Target',49.99,'2025-03-18 00:00:00',NULL,NULL,NULL),(798,12,'BestBuy',49.99,'2025-03-19 00:00:00',NULL,NULL,NULL),(799,12,'GameStop',49.99,'2025-03-19 00:00:00',NULL,NULL,NULL),(800,12,'Target',49.99,'2025-03-19 00:00:00',NULL,NULL,NULL),(801,12,'BestBuy',49.99,'2025-03-20 00:00:00',NULL,NULL,NULL),(802,12,'GameStop',49.99,'2025-03-20 00:00:00',NULL,NULL,NULL),(803,12,'Target',49.99,'2025-03-20 00:00:00',NULL,NULL,NULL),(804,12,'BestBuy',49.99,'2025-03-21 00:00:00',NULL,NULL,NULL),(805,12,'GameStop',49.99,'2025-03-21 00:00:00',NULL,NULL,NULL),(806,12,'Target',49.99,'2025-03-21 00:00:00',NULL,NULL,NULL),(807,12,'BestBuy',49.99,'2025-03-22 00:00:00',NULL,NULL,NULL),(808,12,'GameStop',49.99,'2025-03-22 00:00:00',NULL,NULL,NULL),(809,12,'Target',49.99,'2025-03-22 00:00:00',NULL,NULL,NULL),(871,11,'BestBuy',26.94,'2025-03-01 00:00:00',NULL,NULL,NULL),(872,11,'GameStop',29.99,'2025-03-01 00:00:00',NULL,NULL,NULL),(873,11,'Target',29.99,'2025-03-01 00:00:00',NULL,NULL,NULL),(874,11,'Walmart',74.95,'2025-03-01 00:00:00',NULL,NULL,NULL),(875,11,'BestBuy',26.94,'2025-03-02 00:00:00',NULL,NULL,NULL),(876,11,'GameStop',29.99,'2025-03-02 00:00:00',NULL,NULL,NULL),(877,11,'Target',29.99,'2025-03-02 00:00:00',NULL,NULL,NULL),(878,11,'Walmart',74.95,'2025-03-02 00:00:00',NULL,NULL,NULL),(879,11,'BestBuy',26.94,'2025-03-03 00:00:00',NULL,NULL,NULL),(880,11,'GameStop',29.99,'2025-03-03 00:00:00',NULL,NULL,NULL),(881,11,'Target',29.99,'2025-03-03 00:00:00',NULL,NULL,NULL),(882,11,'Walmart',74.95,'2025-03-03 00:00:00',NULL,NULL,NULL),(883,11,'BestBuy',26.94,'2025-03-04 00:00:00',NULL,NULL,NULL),(884,11,'GameStop',29.99,'2025-03-04 00:00:00',NULL,NULL,NULL),(885,11,'Target',29.99,'2025-03-04 00:00:00',NULL,NULL,NULL),(886,11,'Walmart',74.95,'2025-03-04 00:00:00',NULL,NULL,NULL),(887,11,'BestBuy',26.94,'2025-03-05 00:00:00',NULL,NULL,NULL),(888,11,'GameStop',29.99,'2025-03-05 00:00:00',NULL,NULL,NULL),(889,11,'Target',29.99,'2025-03-05 00:00:00',NULL,NULL,NULL),(890,11,'Walmart',74.95,'2025-03-05 00:00:00',NULL,NULL,NULL),(891,11,'BestBuy',26.94,'2025-03-06 00:00:00',NULL,NULL,NULL),(892,11,'GameStop',29.99,'2025-03-06 00:00:00',NULL,NULL,NULL),(893,11,'Target',29.99,'2025-03-06 00:00:00',NULL,NULL,NULL),(894,11,'Walmart',74.95,'2025-03-06 00:00:00',NULL,NULL,NULL),(895,11,'BestBuy',26.94,'2025-03-07 00:00:00',NULL,NULL,NULL),(896,11,'GameStop',29.99,'2025-03-07 00:00:00',NULL,NULL,NULL),(897,11,'Target',29.99,'2025-03-07 00:00:00',NULL,NULL,NULL),(898,11,'Walmart',74.95,'2025-03-07 00:00:00',NULL,NULL,NULL),(899,11,'BestBuy',26.94,'2025-03-08 00:00:00',NULL,NULL,NULL),(900,11,'GameStop',29.99,'2025-03-08 00:00:00',NULL,NULL,NULL),(901,11,'Target',29.99,'2025-03-08 00:00:00',NULL,NULL,NULL),(902,11,'Walmart',74.95,'2025-03-08 00:00:00',NULL,NULL,NULL),(903,11,'BestBuy',26.94,'2025-03-09 00:00:00',NULL,NULL,NULL),(904,11,'GameStop',29.99,'2025-03-09 00:00:00',NULL,NULL,NULL),(905,11,'Target',29.99,'2025-03-09 00:00:00',NULL,NULL,NULL),(906,11,'Walmart',74.95,'2025-03-09 00:00:00',NULL,NULL,NULL),(907,11,'BestBuy',26.94,'2025-03-10 00:00:00',NULL,NULL,NULL),(908,11,'GameStop',29.99,'2025-03-10 00:00:00',NULL,NULL,NULL),(909,11,'Target',29.99,'2025-03-10 00:00:00',NULL,NULL,NULL),(910,11,'Walmart',74.95,'2025-03-10 00:00:00',NULL,NULL,NULL),(911,11,'BestBuy',26.94,'2025-03-11 00:00:00',NULL,NULL,NULL),(912,11,'GameStop',29.99,'2025-03-11 00:00:00',NULL,NULL,NULL),(913,11,'Target',29.99,'2025-03-11 00:00:00',NULL,NULL,NULL),(914,11,'Walmart',74.95,'2025-03-11 00:00:00',NULL,NULL,NULL),(915,11,'BestBuy',26.94,'2025-03-12 00:00:00',NULL,NULL,NULL),(916,11,'GameStop',29.99,'2025-03-12 00:00:00',NULL,NULL,NULL),(917,11,'Target',29.99,'2025-03-12 00:00:00',NULL,NULL,NULL),(918,11,'Walmart',74.95,'2025-03-12 00:00:00',NULL,NULL,NULL),(919,11,'BestBuy',26.94,'2025-03-13 00:00:00',NULL,NULL,NULL),(920,11,'GameStop',29.99,'2025-03-13 00:00:00',NULL,NULL,NULL),(921,11,'Target',29.99,'2025-03-13 00:00:00',NULL,NULL,NULL),(922,11,'Walmart',74.95,'2025-03-13 00:00:00',NULL,NULL,NULL),(923,11,'BestBuy',26.94,'2025-03-14 00:00:00',NULL,NULL,NULL),(924,11,'GameStop',29.99,'2025-03-14 00:00:00',NULL,NULL,NULL),(925,11,'Target',29.99,'2025-03-14 00:00:00',NULL,NULL,NULL),(926,11,'Walmart',74.95,'2025-03-14 00:00:00',NULL,NULL,NULL),(927,11,'BestBuy',26.94,'2025-03-15 00:00:00',NULL,NULL,NULL),(928,11,'GameStop',29.99,'2025-03-15 00:00:00',NULL,NULL,NULL),(929,11,'Target',29.99,'2025-03-15 00:00:00',NULL,NULL,NULL),(930,11,'Walmart',74.95,'2025-03-15 00:00:00',NULL,NULL,NULL),(931,11,'BestBuy',26.94,'2025-03-16 00:00:00',NULL,NULL,NULL),(932,11,'GameStop',29.99,'2025-03-16 00:00:00',NULL,NULL,NULL),(933,11,'Target',29.99,'2025-03-16 00:00:00',NULL,NULL,NULL),(934,11,'Walmart',74.95,'2025-03-16 00:00:00',NULL,NULL,NULL),(935,11,'BestBuy',26.94,'2025-03-17 00:00:00',NULL,NULL,NULL),(936,11,'GameStop',29.99,'2025-03-17 00:00:00',NULL,NULL,NULL),(937,11,'Target',29.99,'2025-03-17 00:00:00',NULL,NULL,NULL),(938,11,'Walmart',74.95,'2025-03-17 00:00:00',NULL,NULL,NULL),(939,11,'BestBuy',26.94,'2025-03-18 00:00:00',NULL,NULL,NULL),(940,11,'GameStop',29.99,'2025-03-18 00:00:00',NULL,NULL,NULL),(941,11,'Target',29.99,'2025-03-18 00:00:00',NULL,NULL,NULL),(942,11,'Walmart',74.95,'2025-03-18 00:00:00',NULL,NULL,NULL),(943,11,'BestBuy',26.94,'2025-03-19 00:00:00',NULL,NULL,NULL),(944,11,'GameStop',29.99,'2025-03-19 00:00:00',NULL,NULL,NULL),(945,11,'Target',29.99,'2025-03-19 00:00:00',NULL,NULL,NULL),(946,11,'Walmart',74.95,'2025-03-19 00:00:00',NULL,NULL,NULL),(947,11,'BestBuy',26.94,'2025-03-20 00:00:00',NULL,NULL,NULL),(948,11,'GameStop',29.99,'2025-03-20 00:00:00',NULL,NULL,NULL),(949,11,'Target',29.99,'2025-03-20 00:00:00',NULL,NULL,NULL),(950,11,'Walmart',74.95,'2025-03-20 00:00:00',NULL,NULL,NULL),(951,11,'BestBuy',26.94,'2025-03-21 00:00:00',NULL,NULL,NULL),(952,11,'GameStop',29.99,'2025-03-21 00:00:00',NULL,NULL,NULL),(953,11,'Target',29.99,'2025-03-21 00:00:00',NULL,NULL,NULL),(954,11,'Walmart',74.95,'2025-03-21 00:00:00',NULL,NULL,NULL),(955,11,'BestBuy',26.94,'2025-03-22 00:00:00',NULL,NULL,NULL),(956,11,'GameStop',29.99,'2025-03-22 00:00:00',NULL,NULL,NULL),(957,11,'Target',29.99,'2025-03-22 00:00:00',NULL,NULL,NULL),(958,11,'Walmart',74.95,'2025-03-22 00:00:00',NULL,NULL,NULL),(998,10,'BestBuy',21.99,'2025-03-01 00:00:00',NULL,NULL,NULL),(999,10,'GameStop',21.99,'2025-03-01 00:00:00',NULL,NULL,NULL),(1000,10,'Target',21.99,'2025-03-01 00:00:00',NULL,NULL,NULL),(1001,10,'Walmart',21.99,'2025-03-01 00:00:00',NULL,NULL,NULL),(1002,10,'BestBuy',21.99,'2025-03-02 00:00:00',NULL,NULL,NULL),(1003,10,'GameStop',21.99,'2025-03-02 00:00:00',NULL,NULL,NULL),(1004,10,'Target',21.99,'2025-03-02 00:00:00',NULL,NULL,NULL),(1005,10,'Walmart',21.99,'2025-03-02 00:00:00',NULL,NULL,NULL),(1006,10,'BestBuy',21.99,'2025-03-03 00:00:00',NULL,NULL,NULL),(1007,10,'GameStop',21.99,'2025-03-03 00:00:00',NULL,NULL,NULL),(1008,10,'Target',21.99,'2025-03-03 00:00:00',NULL,NULL,NULL),(1009,10,'Walmart',21.99,'2025-03-03 00:00:00',NULL,NULL,NULL),(1010,10,'BestBuy',21.99,'2025-03-04 00:00:00',NULL,NULL,NULL),(1011,10,'GameStop',21.99,'2025-03-04 00:00:00',NULL,NULL,NULL),(1012,10,'Target',21.99,'2025-03-04 00:00:00',NULL,NULL,NULL),(1013,10,'Walmart',21.99,'2025-03-04 00:00:00',NULL,NULL,NULL),(1014,10,'BestBuy',21.99,'2025-03-05 00:00:00',NULL,NULL,NULL),(1015,10,'GameStop',21.99,'2025-03-05 00:00:00',NULL,NULL,NULL),(1016,10,'Target',21.99,'2025-03-05 00:00:00',NULL,NULL,NULL),(1017,10,'Walmart',21.99,'2025-03-05 00:00:00',NULL,NULL,NULL),(1018,10,'BestBuy',21.99,'2025-03-06 00:00:00',NULL,NULL,NULL),(1019,10,'GameStop',21.99,'2025-03-06 00:00:00',NULL,NULL,NULL),(1020,10,'Target',21.99,'2025-03-06 00:00:00',NULL,NULL,NULL),(1021,10,'Walmart',21.99,'2025-03-06 00:00:00',NULL,NULL,NULL),(1022,10,'BestBuy',21.99,'2025-03-07 00:00:00',NULL,NULL,NULL),(1023,10,'GameStop',21.99,'2025-03-07 00:00:00',NULL,NULL,NULL),(1024,10,'Target',21.99,'2025-03-07 00:00:00',NULL,NULL,NULL),(1025,10,'Walmart',21.99,'2025-03-07 00:00:00',NULL,NULL,NULL),(1026,10,'BestBuy',21.99,'2025-03-08 00:00:00',NULL,NULL,NULL),(1027,10,'GameStop',21.99,'2025-03-08 00:00:00',NULL,NULL,NULL),(1028,10,'Target',21.99,'2025-03-08 00:00:00',NULL,NULL,NULL),(1029,10,'Walmart',21.99,'2025-03-08 00:00:00',NULL,NULL,NULL),(1030,10,'BestBuy',21.99,'2025-03-09 00:00:00',NULL,NULL,NULL),(1031,10,'GameStop',21.99,'2025-03-09 00:00:00',NULL,NULL,NULL),(1032,10,'Target',21.99,'2025-03-09 00:00:00',NULL,NULL,NULL),(1033,10,'Walmart',21.99,'2025-03-09 00:00:00',NULL,NULL,NULL),(1034,10,'BestBuy',21.99,'2025-03-10 00:00:00',NULL,NULL,NULL),(1035,10,'GameStop',21.99,'2025-03-10 00:00:00',NULL,NULL,NULL),(1036,10,'Target',21.99,'2025-03-10 00:00:00',NULL,NULL,NULL),(1037,10,'Walmart',21.99,'2025-03-10 00:00:00',NULL,NULL,NULL),(1038,10,'BestBuy',21.99,'2025-03-11 00:00:00',NULL,NULL,NULL),(1039,10,'GameStop',21.99,'2025-03-11 00:00:00',NULL,NULL,NULL),(1040,10,'Target',21.99,'2025-03-11 00:00:00',NULL,NULL,NULL),(1041,10,'Walmart',21.99,'2025-03-11 00:00:00',NULL,NULL,NULL),(1042,10,'BestBuy',21.99,'2025-03-12 00:00:00',NULL,NULL,NULL),(1043,10,'GameStop',21.99,'2025-03-12 00:00:00',NULL,NULL,NULL),(1044,10,'Target',21.99,'2025-03-12 00:00:00',NULL,NULL,NULL),(1045,10,'Walmart',21.99,'2025-03-12 00:00:00',NULL,NULL,NULL),(1046,10,'BestBuy',21.99,'2025-03-13 00:00:00',NULL,NULL,NULL),(1047,10,'GameStop',21.99,'2025-03-13 00:00:00',NULL,NULL,NULL),(1048,10,'Target',21.99,'2025-03-13 00:00:00',NULL,NULL,NULL),(1049,10,'Walmart',21.99,'2025-03-13 00:00:00',NULL,NULL,NULL),(1050,10,'BestBuy',21.99,'2025-03-14 00:00:00',NULL,NULL,NULL),(1051,10,'GameStop',21.99,'2025-03-14 00:00:00',NULL,NULL,NULL),(1052,10,'Target',21.99,'2025-03-14 00:00:00',NULL,NULL,NULL),(1053,10,'Walmart',21.99,'2025-03-14 00:00:00',NULL,NULL,NULL),(1054,10,'BestBuy',21.99,'2025-03-15 00:00:00',NULL,NULL,NULL),(1055,10,'GameStop',21.99,'2025-03-15 00:00:00',NULL,NULL,NULL),(1056,10,'Target',21.99,'2025-03-15 00:00:00',NULL,NULL,NULL),(1057,10,'Walmart',21.99,'2025-03-15 00:00:00',NULL,NULL,NULL),(1058,10,'BestBuy',21.99,'2025-03-16 00:00:00',NULL,NULL,NULL),(1059,10,'GameStop',21.99,'2025-03-16 00:00:00',NULL,NULL,NULL),(1060,10,'Target',21.99,'2025-03-16 00:00:00',NULL,NULL,NULL),(1061,10,'Walmart',21.99,'2025-03-16 00:00:00',NULL,NULL,NULL),(1062,10,'BestBuy',21.99,'2025-03-17 00:00:00',NULL,NULL,NULL),(1063,10,'GameStop',21.99,'2025-03-17 00:00:00',NULL,NULL,NULL),(1064,10,'Target',21.99,'2025-03-17 00:00:00',NULL,NULL,NULL),(1065,10,'Walmart',21.99,'2025-03-17 00:00:00',NULL,NULL,NULL),(1066,10,'BestBuy',21.99,'2025-03-18 00:00:00',NULL,NULL,NULL),(1067,10,'GameStop',21.99,'2025-03-18 00:00:00',NULL,NULL,NULL),(1068,10,'Target',21.99,'2025-03-18 00:00:00',NULL,NULL,NULL),(1069,10,'Walmart',21.99,'2025-03-18 00:00:00',NULL,NULL,NULL),(1070,10,'BestBuy',21.99,'2025-03-19 00:00:00',NULL,NULL,NULL),(1071,10,'GameStop',21.99,'2025-03-19 00:00:00',NULL,NULL,NULL),(1072,10,'Target',21.99,'2025-03-19 00:00:00',NULL,NULL,NULL),(1073,10,'Walmart',21.99,'2025-03-19 00:00:00',NULL,NULL,NULL),(1074,10,'BestBuy',21.99,'2025-03-20 00:00:00',NULL,NULL,NULL),(1075,10,'GameStop',21.99,'2025-03-20 00:00:00',NULL,NULL,NULL),(1076,10,'Target',21.99,'2025-03-20 00:00:00',NULL,NULL,NULL),(1077,10,'Walmart',21.99,'2025-03-20 00:00:00',NULL,NULL,NULL),(1078,10,'BestBuy',21.99,'2025-03-21 00:00:00',NULL,NULL,NULL),(1079,10,'GameStop',21.99,'2025-03-21 00:00:00',NULL,NULL,NULL),(1080,10,'Target',21.99,'2025-03-21 00:00:00',NULL,NULL,NULL),(1081,10,'Walmart',21.99,'2025-03-21 00:00:00',NULL,NULL,NULL),(1082,10,'BestBuy',21.99,'2025-03-22 00:00:00',NULL,NULL,NULL),(1083,10,'GameStop',21.99,'2025-03-22 00:00:00',NULL,NULL,NULL),(1084,10,'Target',21.99,'2025-03-22 00:00:00',NULL,NULL,NULL),(1085,10,'Walmart',21.99,'2025-03-22 00:00:00',NULL,NULL,NULL),(1125,9,'Barnes & Noble',29.99,'2025-03-01 00:00:00',NULL,NULL,NULL),(1126,9,'BestBuy',31.99,'2025-03-01 00:00:00',NULL,NULL,NULL),(1127,9,'GameStop',29.99,'2025-03-01 00:00:00',NULL,NULL,NULL),(1128,9,'Target',31.99,'2025-03-01 00:00:00',NULL,NULL,NULL),(1129,9,'Walmart',31.99,'2025-03-01 00:00:00',NULL,NULL,NULL),(1130,9,'Barnes & Noble',29.99,'2025-03-02 00:00:00',NULL,NULL,NULL),(1131,9,'BestBuy',31.99,'2025-03-02 00:00:00',NULL,NULL,NULL),(1132,9,'GameStop',29.99,'2025-03-02 00:00:00',NULL,NULL,NULL),(1133,9,'Target',31.99,'2025-03-02 00:00:00',NULL,NULL,NULL),(1134,9,'Walmart',31.99,'2025-03-02 00:00:00',NULL,NULL,NULL),(1135,9,'Barnes & Noble',29.99,'2025-03-03 00:00:00',NULL,NULL,NULL),(1136,9,'BestBuy',31.99,'2025-03-03 00:00:00',NULL,NULL,NULL),(1137,9,'GameStop',29.99,'2025-03-03 00:00:00',NULL,NULL,NULL),(1138,9,'Target',31.99,'2025-03-03 00:00:00',NULL,NULL,NULL),(1139,9,'Walmart',31.99,'2025-03-03 00:00:00',NULL,NULL,NULL),(1140,9,'Barnes & Noble',29.99,'2025-03-04 00:00:00',NULL,NULL,NULL),(1141,9,'BestBuy',31.99,'2025-03-04 00:00:00',NULL,NULL,NULL),(1142,9,'GameStop',29.99,'2025-03-04 00:00:00',NULL,NULL,NULL),(1143,9,'Target',31.99,'2025-03-04 00:00:00',NULL,NULL,NULL),(1144,9,'Walmart',31.99,'2025-03-04 00:00:00',NULL,NULL,NULL),(1145,9,'Barnes & Noble',29.99,'2025-03-05 00:00:00',NULL,NULL,NULL),(1146,9,'BestBuy',31.99,'2025-03-05 00:00:00',NULL,NULL,NULL),(1147,9,'GameStop',29.99,'2025-03-05 00:00:00',NULL,NULL,NULL),(1148,9,'Target',31.99,'2025-03-05 00:00:00',NULL,NULL,NULL),(1149,9,'Walmart',31.99,'2025-03-05 00:00:00',NULL,NULL,NULL),(1150,9,'Barnes & Noble',29.99,'2025-03-06 00:00:00',NULL,NULL,NULL),(1151,9,'BestBuy',31.99,'2025-03-06 00:00:00',NULL,NULL,NULL),(1152,9,'GameStop',29.99,'2025-03-06 00:00:00',NULL,NULL,NULL),(1153,9,'Target',31.99,'2025-03-06 00:00:00',NULL,NULL,NULL),(1154,9,'Walmart',31.99,'2025-03-06 00:00:00',NULL,NULL,NULL),(1155,9,'Barnes & Noble',29.99,'2025-03-07 00:00:00',NULL,NULL,NULL),(1156,9,'BestBuy',31.99,'2025-03-07 00:00:00',NULL,NULL,NULL),(1157,9,'GameStop',29.99,'2025-03-07 00:00:00',NULL,NULL,NULL),(1158,9,'Target',31.99,'2025-03-07 00:00:00',NULL,NULL,NULL),(1159,9,'Walmart',31.99,'2025-03-07 00:00:00',NULL,NULL,NULL),(1160,9,'Barnes & Noble',29.99,'2025-03-08 00:00:00',NULL,NULL,NULL),(1161,9,'BestBuy',31.99,'2025-03-08 00:00:00',NULL,NULL,NULL),(1162,9,'GameStop',29.99,'2025-03-08 00:00:00',NULL,NULL,NULL),(1163,9,'Target',31.99,'2025-03-08 00:00:00',NULL,NULL,NULL),(1164,9,'Walmart',31.99,'2025-03-08 00:00:00',NULL,NULL,NULL),(1165,9,'Barnes & Noble',29.99,'2025-03-09 00:00:00',NULL,NULL,NULL),(1166,9,'BestBuy',31.99,'2025-03-09 00:00:00',NULL,NULL,NULL),(1167,9,'GameStop',29.99,'2025-03-09 00:00:00',NULL,NULL,NULL),(1168,9,'Target',31.99,'2025-03-09 00:00:00',NULL,NULL,NULL),(1169,9,'Walmart',31.99,'2025-03-09 00:00:00',NULL,NULL,NULL),(1170,9,'Barnes & Noble',29.99,'2025-03-10 00:00:00',NULL,NULL,NULL),(1171,9,'BestBuy',31.99,'2025-03-10 00:00:00',NULL,NULL,NULL),(1172,9,'GameStop',29.99,'2025-03-10 00:00:00',NULL,NULL,NULL),(1173,9,'Target',31.99,'2025-03-10 00:00:00',NULL,NULL,NULL),(1174,9,'Walmart',31.99,'2025-03-10 00:00:00',NULL,NULL,NULL),(1175,9,'Barnes & Noble',29.99,'2025-03-11 00:00:00',NULL,NULL,NULL),(1176,9,'BestBuy',31.99,'2025-03-11 00:00:00',NULL,NULL,NULL),(1177,9,'GameStop',29.99,'2025-03-11 00:00:00',NULL,NULL,NULL),(1178,9,'Target',31.99,'2025-03-11 00:00:00',NULL,NULL,NULL),(1179,9,'Walmart',31.99,'2025-03-11 00:00:00',NULL,NULL,NULL),(1180,9,'Barnes & Noble',29.99,'2025-03-12 00:00:00',NULL,NULL,NULL),(1181,9,'BestBuy',31.99,'2025-03-12 00:00:00',NULL,NULL,NULL),(1182,9,'GameStop',29.99,'2025-03-12 00:00:00',NULL,NULL,NULL),(1183,9,'Target',31.99,'2025-03-12 00:00:00',NULL,NULL,NULL),(1184,9,'Walmart',31.99,'2025-03-12 00:00:00',NULL,NULL,NULL),(1185,9,'Barnes & Noble',29.99,'2025-03-13 00:00:00',NULL,NULL,NULL),(1186,9,'BestBuy',31.99,'2025-03-13 00:00:00',NULL,NULL,NULL),(1187,9,'GameStop',29.99,'2025-03-13 00:00:00',NULL,NULL,NULL),(1188,9,'Target',31.99,'2025-03-13 00:00:00',NULL,NULL,NULL),(1189,9,'Walmart',31.99,'2025-03-13 00:00:00',NULL,NULL,NULL),(1190,9,'Barnes & Noble',29.99,'2025-03-14 00:00:00',NULL,NULL,NULL),(1191,9,'BestBuy',31.99,'2025-03-14 00:00:00',NULL,NULL,NULL),(1192,9,'GameStop',29.99,'2025-03-14 00:00:00',NULL,NULL,NULL),(1193,9,'Target',31.99,'2025-03-14 00:00:00',NULL,NULL,NULL),(1194,9,'Walmart',31.99,'2025-03-14 00:00:00',NULL,NULL,NULL),(1195,9,'Barnes & Noble',29.99,'2025-03-15 00:00:00',NULL,NULL,NULL),(1196,9,'BestBuy',31.99,'2025-03-15 00:00:00',NULL,NULL,NULL),(1197,9,'GameStop',29.99,'2025-03-15 00:00:00',NULL,NULL,NULL),(1198,9,'Target',31.99,'2025-03-15 00:00:00',NULL,NULL,NULL),(1199,9,'Walmart',31.99,'2025-03-15 00:00:00',NULL,NULL,NULL),(1200,9,'Barnes & Noble',29.99,'2025-03-16 00:00:00',NULL,NULL,NULL),(1201,9,'BestBuy',31.99,'2025-03-16 00:00:00',NULL,NULL,NULL),(1202,9,'GameStop',29.99,'2025-03-16 00:00:00',NULL,NULL,NULL),(1203,9,'Target',31.99,'2025-03-16 00:00:00',NULL,NULL,NULL),(1204,9,'Walmart',31.99,'2025-03-16 00:00:00',NULL,NULL,NULL),(1205,9,'Barnes & Noble',29.99,'2025-03-17 00:00:00',NULL,NULL,NULL),(1206,9,'BestBuy',31.99,'2025-03-17 00:00:00',NULL,NULL,NULL),(1207,9,'GameStop',29.99,'2025-03-17 00:00:00',NULL,NULL,NULL),(1208,9,'Target',31.99,'2025-03-17 00:00:00',NULL,NULL,NULL),(1209,9,'Walmart',31.99,'2025-03-17 00:00:00',NULL,NULL,NULL),(1210,9,'Barnes & Noble',29.99,'2025-03-18 00:00:00',NULL,NULL,NULL),(1211,9,'BestBuy',31.99,'2025-03-18 00:00:00',NULL,NULL,NULL),(1212,9,'GameStop',29.99,'2025-03-18 00:00:00',NULL,NULL,NULL),(1213,9,'Target',31.99,'2025-03-18 00:00:00',NULL,NULL,NULL),(1214,9,'Walmart',31.99,'2025-03-18 00:00:00',NULL,NULL,NULL),(1215,9,'Barnes & Noble',29.99,'2025-03-19 00:00:00',NULL,NULL,NULL),(1216,9,'BestBuy',31.99,'2025-03-19 00:00:00',NULL,NULL,NULL),(1217,9,'GameStop',29.99,'2025-03-19 00:00:00',NULL,NULL,NULL),(1218,9,'Target',31.99,'2025-03-19 00:00:00',NULL,NULL,NULL),(1219,9,'Walmart',31.99,'2025-03-19 00:00:00',NULL,NULL,NULL),(1220,9,'Barnes & Noble',29.99,'2025-03-20 00:00:00',NULL,NULL,NULL),(1221,9,'BestBuy',31.99,'2025-03-20 00:00:00',NULL,NULL,NULL),(1222,9,'GameStop',29.99,'2025-03-20 00:00:00',NULL,NULL,NULL),(1223,9,'Target',31.99,'2025-03-20 00:00:00',NULL,NULL,NULL),(1224,9,'Walmart',31.99,'2025-03-20 00:00:00',NULL,NULL,NULL),(1225,9,'Barnes & Noble',29.99,'2025-03-21 00:00:00',NULL,NULL,NULL),(1226,9,'BestBuy',31.99,'2025-03-21 00:00:00',NULL,NULL,NULL),(1227,9,'GameStop',29.99,'2025-03-21 00:00:00',NULL,NULL,NULL),(1228,9,'Target',31.99,'2025-03-21 00:00:00',NULL,NULL,NULL),(1229,9,'Walmart',31.99,'2025-03-21 00:00:00',NULL,NULL,NULL),(1230,9,'Barnes & Noble',29.99,'2025-03-22 00:00:00',NULL,NULL,NULL),(1231,9,'BestBuy',31.99,'2025-03-22 00:00:00',NULL,NULL,NULL),(1232,9,'GameStop',29.99,'2025-03-22 00:00:00',NULL,NULL,NULL),(1233,9,'Target',31.99,'2025-03-22 00:00:00',NULL,NULL,NULL),(1234,9,'Walmart',31.99,'2025-03-22 00:00:00',NULL,NULL,NULL),(1252,8,'BestBuy',99.99,'2025-03-01 00:00:00',NULL,NULL,NULL),(1253,8,'Target',99.99,'2025-03-01 00:00:00',NULL,NULL,NULL),(1254,8,'Walmart',99.99,'2025-03-01 00:00:00',NULL,NULL,NULL),(1255,8,'BestBuy',99.99,'2025-03-02 00:00:00',NULL,NULL,NULL),(1256,8,'Target',99.99,'2025-03-02 00:00:00',NULL,NULL,NULL),(1257,8,'Walmart',99.99,'2025-03-02 00:00:00',NULL,NULL,NULL),(1258,8,'BestBuy',99.99,'2025-03-03 00:00:00',NULL,NULL,NULL),(1259,8,'Target',99.99,'2025-03-03 00:00:00',NULL,NULL,NULL),(1260,8,'Walmart',99.99,'2025-03-03 00:00:00',NULL,NULL,NULL),(1261,8,'BestBuy',99.99,'2025-03-04 00:00:00',NULL,NULL,NULL),(1262,8,'Target',99.99,'2025-03-04 00:00:00',NULL,NULL,NULL),(1263,8,'Walmart',99.99,'2025-03-04 00:00:00',NULL,NULL,NULL),(1264,8,'BestBuy',99.99,'2025-03-05 00:00:00',NULL,NULL,NULL),(1265,8,'Target',99.99,'2025-03-05 00:00:00',NULL,NULL,NULL),(1266,8,'Walmart',99.99,'2025-03-05 00:00:00',NULL,NULL,NULL),(1267,8,'BestBuy',99.99,'2025-03-06 00:00:00',NULL,NULL,NULL),(1268,8,'Target',99.99,'2025-03-06 00:00:00',NULL,NULL,NULL),(1269,8,'Walmart',99.99,'2025-03-06 00:00:00',NULL,NULL,NULL),(1270,8,'BestBuy',99.99,'2025-03-07 00:00:00',NULL,NULL,NULL),(1271,8,'Target',99.99,'2025-03-07 00:00:00',NULL,NULL,NULL),(1272,8,'Walmart',99.99,'2025-03-07 00:00:00',NULL,NULL,NULL),(1273,8,'BestBuy',99.99,'2025-03-08 00:00:00',NULL,NULL,NULL),(1274,8,'Target',99.99,'2025-03-08 00:00:00',NULL,NULL,NULL),(1275,8,'Walmart',99.99,'2025-03-08 00:00:00',NULL,NULL,NULL),(1276,8,'BestBuy',99.99,'2025-03-09 00:00:00',NULL,NULL,NULL),(1277,8,'Target',99.99,'2025-03-09 00:00:00',NULL,NULL,NULL),(1278,8,'Walmart',99.99,'2025-03-09 00:00:00',NULL,NULL,NULL),(1279,8,'BestBuy',99.99,'2025-03-10 00:00:00',NULL,NULL,NULL),(1280,8,'Target',99.99,'2025-03-10 00:00:00',NULL,NULL,NULL),(1281,8,'Walmart',99.99,'2025-03-10 00:00:00',NULL,NULL,NULL),(1282,8,'BestBuy',99.99,'2025-03-11 00:00:00',NULL,NULL,NULL),(1283,8,'Target',99.99,'2025-03-11 00:00:00',NULL,NULL,NULL),(1284,8,'Walmart',99.99,'2025-03-11 00:00:00',NULL,NULL,NULL),(1285,8,'BestBuy',99.99,'2025-03-12 00:00:00',NULL,NULL,NULL),(1286,8,'Target',99.99,'2025-03-12 00:00:00',NULL,NULL,NULL),(1287,8,'Walmart',99.99,'2025-03-12 00:00:00',NULL,NULL,NULL),(1288,8,'BestBuy',99.99,'2025-03-13 00:00:00',NULL,NULL,NULL),(1289,8,'Target',99.99,'2025-03-13 00:00:00',NULL,NULL,NULL),(1290,8,'Walmart',99.99,'2025-03-13 00:00:00',NULL,NULL,NULL),(1291,8,'BestBuy',99.99,'2025-03-14 00:00:00',NULL,NULL,NULL),(1292,8,'Target',99.99,'2025-03-14 00:00:00',NULL,NULL,NULL),(1293,8,'Walmart',99.99,'2025-03-14 00:00:00',NULL,NULL,NULL),(1294,8,'BestBuy',99.99,'2025-03-15 00:00:00',NULL,NULL,NULL),(1295,8,'Target',99.99,'2025-03-15 00:00:00',NULL,NULL,NULL),(1296,8,'Walmart',99.99,'2025-03-15 00:00:00',NULL,NULL,NULL),(1297,8,'BestBuy',99.99,'2025-03-16 00:00:00',NULL,NULL,NULL),(1298,8,'Target',99.99,'2025-03-16 00:00:00',NULL,NULL,NULL),(1299,8,'Walmart',99.99,'2025-03-16 00:00:00',NULL,NULL,NULL),(1300,8,'BestBuy',99.99,'2025-03-17 00:00:00',NULL,NULL,NULL),(1301,8,'Target',99.99,'2025-03-17 00:00:00',NULL,NULL,NULL),(1302,8,'Walmart',99.99,'2025-03-17 00:00:00',NULL,NULL,NULL),(1303,8,'BestBuy',99.99,'2025-03-18 00:00:00',NULL,NULL,NULL),(1304,8,'Target',99.99,'2025-03-18 00:00:00',NULL,NULL,NULL),(1305,8,'Walmart',99.99,'2025-03-18 00:00:00',NULL,NULL,NULL),(1306,8,'BestBuy',99.99,'2025-03-19 00:00:00',NULL,NULL,NULL),(1307,8,'Target',99.99,'2025-03-19 00:00:00',NULL,NULL,NULL),(1308,8,'Walmart',99.99,'2025-03-19 00:00:00',NULL,NULL,NULL),(1309,8,'BestBuy',99.99,'2025-03-20 00:00:00',NULL,NULL,NULL),(1310,8,'Target',99.99,'2025-03-20 00:00:00',NULL,NULL,NULL),(1311,8,'Walmart',99.99,'2025-03-20 00:00:00',NULL,NULL,NULL),(1312,8,'BestBuy',99.99,'2025-03-21 00:00:00',NULL,NULL,NULL),(1313,8,'Target',99.99,'2025-03-21 00:00:00',NULL,NULL,NULL),(1314,8,'Walmart',99.99,'2025-03-21 00:00:00',NULL,NULL,NULL),(1315,8,'BestBuy',99.99,'2025-03-22 00:00:00',NULL,NULL,NULL),(1316,8,'Target',99.99,'2025-03-22 00:00:00',NULL,NULL,NULL),(1317,8,'Walmart',99.99,'2025-03-22 00:00:00',NULL,NULL,NULL),(1379,7,'BestBuy',54.99,'2025-03-01 00:00:00',NULL,NULL,NULL),(1380,7,'GameStop',189.99,'2025-03-01 00:00:00',NULL,NULL,NULL),(1381,7,'Target',54.99,'2025-03-01 00:00:00',NULL,NULL,NULL),(1382,7,'Walmart',54.99,'2025-03-01 00:00:00',NULL,NULL,NULL),(1383,7,'BestBuy',54.99,'2025-03-02 00:00:00',NULL,NULL,NULL),(1384,7,'GameStop',189.99,'2025-03-02 00:00:00',NULL,NULL,NULL),(1385,7,'Target',54.99,'2025-03-02 00:00:00',NULL,NULL,NULL),(1386,7,'Walmart',54.99,'2025-03-02 00:00:00',NULL,NULL,NULL),(1387,7,'BestBuy',54.99,'2025-03-03 00:00:00',NULL,NULL,NULL),(1388,7,'GameStop',189.99,'2025-03-03 00:00:00',NULL,NULL,NULL),(1389,7,'Target',54.99,'2025-03-03 00:00:00',NULL,NULL,NULL),(1390,7,'Walmart',54.99,'2025-03-03 00:00:00',NULL,NULL,NULL),(1391,7,'BestBuy',54.99,'2025-03-04 00:00:00',NULL,NULL,NULL),(1392,7,'GameStop',189.99,'2025-03-04 00:00:00',NULL,NULL,NULL),(1393,7,'Target',54.99,'2025-03-04 00:00:00',NULL,NULL,NULL),(1394,7,'Walmart',54.99,'2025-03-04 00:00:00',NULL,NULL,NULL),(1395,7,'BestBuy',54.99,'2025-03-05 00:00:00',NULL,NULL,NULL),(1396,7,'GameStop',189.99,'2025-03-05 00:00:00',NULL,NULL,NULL),(1397,7,'Target',54.99,'2025-03-05 00:00:00',NULL,NULL,NULL),(1398,7,'Walmart',54.99,'2025-03-05 00:00:00',NULL,NULL,NULL),(1399,7,'BestBuy',54.99,'2025-03-06 00:00:00',NULL,NULL,NULL),(1400,7,'GameStop',189.99,'2025-03-06 00:00:00',NULL,NULL,NULL),(1401,7,'Target',54.99,'2025-03-06 00:00:00',NULL,NULL,NULL),(1402,7,'Walmart',54.99,'2025-03-06 00:00:00',NULL,NULL,NULL),(1403,7,'BestBuy',54.99,'2025-03-07 00:00:00',NULL,NULL,NULL),(1404,7,'GameStop',189.99,'2025-03-07 00:00:00',NULL,NULL,NULL),(1405,7,'Target',54.99,'2025-03-07 00:00:00',NULL,NULL,NULL),(1406,7,'Walmart',54.99,'2025-03-07 00:00:00',NULL,NULL,NULL),(1407,7,'BestBuy',54.99,'2025-03-08 00:00:00',NULL,NULL,NULL),(1408,7,'GameStop',189.99,'2025-03-08 00:00:00',NULL,NULL,NULL),(1409,7,'Target',54.99,'2025-03-08 00:00:00',NULL,NULL,NULL),(1410,7,'Walmart',54.99,'2025-03-08 00:00:00',NULL,NULL,NULL),(1411,7,'BestBuy',54.99,'2025-03-09 00:00:00',NULL,NULL,NULL),(1412,7,'GameStop',189.99,'2025-03-09 00:00:00',NULL,NULL,NULL),(1413,7,'Target',54.99,'2025-03-09 00:00:00',NULL,NULL,NULL),(1414,7,'Walmart',54.99,'2025-03-09 00:00:00',NULL,NULL,NULL),(1415,7,'BestBuy',54.99,'2025-03-10 00:00:00',NULL,NULL,NULL),(1416,7,'GameStop',189.99,'2025-03-10 00:00:00',NULL,NULL,NULL),(1417,7,'Target',54.99,'2025-03-10 00:00:00',NULL,NULL,NULL),(1418,7,'Walmart',54.99,'2025-03-10 00:00:00',NULL,NULL,NULL),(1419,7,'BestBuy',54.99,'2025-03-11 00:00:00',NULL,NULL,NULL),(1420,7,'GameStop',189.99,'2025-03-11 00:00:00',NULL,NULL,NULL),(1421,7,'Target',54.99,'2025-03-11 00:00:00',NULL,NULL,NULL),(1422,7,'Walmart',54.99,'2025-03-11 00:00:00',NULL,NULL,NULL),(1423,7,'BestBuy',54.99,'2025-03-12 00:00:00',NULL,NULL,NULL),(1424,7,'GameStop',189.99,'2025-03-12 00:00:00',NULL,NULL,NULL),(1425,7,'Target',54.99,'2025-03-12 00:00:00',NULL,NULL,NULL),(1426,7,'Walmart',54.99,'2025-03-12 00:00:00',NULL,NULL,NULL),(1427,7,'BestBuy',54.99,'2025-03-13 00:00:00',NULL,NULL,NULL),(1428,7,'GameStop',189.99,'2025-03-13 00:00:00',NULL,NULL,NULL),(1429,7,'Target',54.99,'2025-03-13 00:00:00',NULL,NULL,NULL),(1430,7,'Walmart',54.99,'2025-03-13 00:00:00',NULL,NULL,NULL),(1431,7,'BestBuy',54.99,'2025-03-14 00:00:00',NULL,NULL,NULL),(1432,7,'GameStop',189.99,'2025-03-14 00:00:00',NULL,NULL,NULL),(1433,7,'Target',54.99,'2025-03-14 00:00:00',NULL,NULL,NULL),(1434,7,'Walmart',54.99,'2025-03-14 00:00:00',NULL,NULL,NULL),(1435,7,'BestBuy',54.99,'2025-03-15 00:00:00',NULL,NULL,NULL),(1436,7,'GameStop',189.99,'2025-03-15 00:00:00',NULL,NULL,NULL),(1437,7,'Target',54.99,'2025-03-15 00:00:00',NULL,NULL,NULL),(1438,7,'Walmart',54.99,'2025-03-15 00:00:00',NULL,NULL,NULL),(1439,7,'BestBuy',54.99,'2025-03-16 00:00:00',NULL,NULL,NULL),(1440,7,'GameStop',189.99,'2025-03-16 00:00:00',NULL,NULL,NULL),(1441,7,'Target',54.99,'2025-03-16 00:00:00',NULL,NULL,NULL),(1442,7,'Walmart',54.99,'2025-03-16 00:00:00',NULL,NULL,NULL),(1443,7,'BestBuy',54.99,'2025-03-17 00:00:00',NULL,NULL,NULL),(1444,7,'GameStop',189.99,'2025-03-17 00:00:00',NULL,NULL,NULL),(1445,7,'Target',54.99,'2025-03-17 00:00:00',NULL,NULL,NULL),(1446,7,'Walmart',54.99,'2025-03-17 00:00:00',NULL,NULL,NULL),(1447,7,'BestBuy',54.99,'2025-03-18 00:00:00',NULL,NULL,NULL),(1448,7,'GameStop',189.99,'2025-03-18 00:00:00',NULL,NULL,NULL),(1449,7,'Target',54.99,'2025-03-18 00:00:00',NULL,NULL,NULL),(1450,7,'Walmart',54.99,'2025-03-18 00:00:00',NULL,NULL,NULL),(1451,7,'BestBuy',54.99,'2025-03-19 00:00:00',NULL,NULL,NULL),(1452,7,'GameStop',189.99,'2025-03-19 00:00:00',NULL,NULL,NULL),(1453,7,'Target',54.99,'2025-03-19 00:00:00',NULL,NULL,NULL),(1454,7,'Walmart',54.99,'2025-03-19 00:00:00',NULL,NULL,NULL),(1455,7,'BestBuy',54.99,'2025-03-20 00:00:00',NULL,NULL,NULL),(1456,7,'GameStop',189.99,'2025-03-20 00:00:00',NULL,NULL,NULL),(1457,7,'Target',54.99,'2025-03-20 00:00:00',NULL,NULL,NULL),(1458,7,'Walmart',54.99,'2025-03-20 00:00:00',NULL,NULL,NULL),(1459,7,'BestBuy',54.99,'2025-03-21 00:00:00',NULL,NULL,NULL),(1460,7,'GameStop',189.99,'2025-03-21 00:00:00',NULL,NULL,NULL),(1461,7,'Target',54.99,'2025-03-21 00:00:00',NULL,NULL,NULL),(1462,7,'Walmart',54.99,'2025-03-21 00:00:00',NULL,NULL,NULL),(1463,7,'BestBuy',54.99,'2025-03-22 00:00:00',NULL,NULL,NULL),(1464,7,'GameStop',189.99,'2025-03-22 00:00:00',NULL,NULL,NULL),(1465,7,'Target',54.99,'2025-03-22 00:00:00',NULL,NULL,NULL),(1466,7,'Walmart',54.99,'2025-03-22 00:00:00',NULL,NULL,NULL),(1506,6,'BestBuy',27.99,'2025-03-01 00:00:00',NULL,NULL,NULL),(1507,6,'GameStop',26.99,'2025-03-01 00:00:00',NULL,NULL,NULL),(1508,6,'Target',27.99,'2025-03-01 00:00:00',NULL,NULL,NULL),(1509,6,'Walmart',27.99,'2025-03-01 00:00:00',NULL,NULL,NULL),(1510,6,'BestBuy',27.99,'2025-03-02 00:00:00',NULL,NULL,NULL),(1511,6,'GameStop',26.99,'2025-03-02 00:00:00',NULL,NULL,NULL),(1512,6,'Target',27.99,'2025-03-02 00:00:00',NULL,NULL,NULL),(1513,6,'Walmart',27.99,'2025-03-02 00:00:00',NULL,NULL,NULL),(1514,6,'BestBuy',27.99,'2025-03-03 00:00:00',NULL,NULL,NULL),(1515,6,'GameStop',26.99,'2025-03-03 00:00:00',NULL,NULL,NULL),(1516,6,'Target',27.99,'2025-03-03 00:00:00',NULL,NULL,NULL),(1517,6,'Walmart',27.99,'2025-03-03 00:00:00',NULL,NULL,NULL),(1518,6,'BestBuy',27.99,'2025-03-04 00:00:00',NULL,NULL,NULL),(1519,6,'GameStop',26.99,'2025-03-04 00:00:00',NULL,NULL,NULL),(1520,6,'Target',27.99,'2025-03-04 00:00:00',NULL,NULL,NULL),(1521,6,'Walmart',27.99,'2025-03-04 00:00:00',NULL,NULL,NULL),(1522,6,'BestBuy',27.99,'2025-03-05 00:00:00',NULL,NULL,NULL),(1523,6,'GameStop',26.99,'2025-03-05 00:00:00',NULL,NULL,NULL),(1524,6,'Target',27.99,'2025-03-05 00:00:00',NULL,NULL,NULL),(1525,6,'Walmart',27.99,'2025-03-05 00:00:00',NULL,NULL,NULL),(1526,6,'BestBuy',27.99,'2025-03-06 00:00:00',NULL,NULL,NULL),(1527,6,'GameStop',26.99,'2025-03-06 00:00:00',NULL,NULL,NULL),(1528,6,'Target',27.99,'2025-03-06 00:00:00',NULL,NULL,NULL),(1529,6,'Walmart',27.99,'2025-03-06 00:00:00',NULL,NULL,NULL),(1530,6,'BestBuy',27.99,'2025-03-07 00:00:00',NULL,NULL,NULL),(1531,6,'GameStop',26.99,'2025-03-07 00:00:00',NULL,NULL,NULL),(1532,6,'Target',27.99,'2025-03-07 00:00:00',NULL,NULL,NULL),(1533,6,'Walmart',27.99,'2025-03-07 00:00:00',NULL,NULL,NULL),(1534,6,'BestBuy',27.99,'2025-03-08 00:00:00',NULL,NULL,NULL),(1535,6,'GameStop',26.99,'2025-03-08 00:00:00',NULL,NULL,NULL),(1536,6,'Target',27.99,'2025-03-08 00:00:00',NULL,NULL,NULL),(1537,6,'Walmart',27.99,'2025-03-08 00:00:00',NULL,NULL,NULL),(1538,6,'BestBuy',27.99,'2025-03-09 00:00:00',NULL,NULL,NULL),(1539,6,'GameStop',26.99,'2025-03-09 00:00:00',NULL,NULL,NULL),(1540,6,'Target',27.99,'2025-03-09 00:00:00',NULL,NULL,NULL),(1541,6,'Walmart',27.99,'2025-03-09 00:00:00',NULL,NULL,NULL),(1542,6,'BestBuy',27.99,'2025-03-10 00:00:00',NULL,NULL,NULL),(1543,6,'GameStop',26.99,'2025-03-10 00:00:00',NULL,NULL,NULL),(1544,6,'Target',27.99,'2025-03-10 00:00:00',NULL,NULL,NULL),(1545,6,'Walmart',27.99,'2025-03-10 00:00:00',NULL,NULL,NULL),(1546,6,'BestBuy',27.99,'2025-03-11 00:00:00',NULL,NULL,NULL),(1547,6,'GameStop',26.99,'2025-03-11 00:00:00',NULL,NULL,NULL),(1548,6,'Target',27.99,'2025-03-11 00:00:00',NULL,NULL,NULL),(1549,6,'Walmart',27.99,'2025-03-11 00:00:00',NULL,NULL,NULL),(1550,6,'BestBuy',27.99,'2025-03-12 00:00:00',NULL,NULL,NULL),(1551,6,'GameStop',26.99,'2025-03-12 00:00:00',NULL,NULL,NULL),(1552,6,'Target',27.99,'2025-03-12 00:00:00',NULL,NULL,NULL),(1553,6,'Walmart',27.99,'2025-03-12 00:00:00',NULL,NULL,NULL),(1554,6,'BestBuy',27.99,'2025-03-13 00:00:00',NULL,NULL,NULL),(1555,6,'GameStop',26.99,'2025-03-13 00:00:00',NULL,NULL,NULL),(1556,6,'Target',27.99,'2025-03-13 00:00:00',NULL,NULL,NULL),(1557,6,'Walmart',27.99,'2025-03-13 00:00:00',NULL,NULL,NULL),(1558,6,'BestBuy',27.99,'2025-03-14 00:00:00',NULL,NULL,NULL),(1559,6,'GameStop',26.99,'2025-03-14 00:00:00',NULL,NULL,NULL),(1560,6,'Target',27.99,'2025-03-14 00:00:00',NULL,NULL,NULL),(1561,6,'Walmart',27.99,'2025-03-14 00:00:00',NULL,NULL,NULL),(1562,6,'BestBuy',27.99,'2025-03-15 00:00:00',NULL,NULL,NULL),(1563,6,'GameStop',26.99,'2025-03-15 00:00:00',NULL,NULL,NULL),(1564,6,'Target',27.99,'2025-03-15 00:00:00',NULL,NULL,NULL),(1565,6,'Walmart',27.99,'2025-03-15 00:00:00',NULL,NULL,NULL),(1566,6,'BestBuy',27.99,'2025-03-16 00:00:00',NULL,NULL,NULL),(1567,6,'GameStop',26.99,'2025-03-16 00:00:00',NULL,NULL,NULL),(1568,6,'Target',27.99,'2025-03-16 00:00:00',NULL,NULL,NULL),(1569,6,'Walmart',27.99,'2025-03-16 00:00:00',NULL,NULL,NULL),(1570,6,'BestBuy',27.99,'2025-03-17 00:00:00',NULL,NULL,NULL),(1571,6,'GameStop',26.99,'2025-03-17 00:00:00',NULL,NULL,NULL),(1572,6,'Target',27.99,'2025-03-17 00:00:00',NULL,NULL,NULL),(1573,6,'Walmart',27.99,'2025-03-17 00:00:00',NULL,NULL,NULL),(1574,6,'BestBuy',27.99,'2025-03-18 00:00:00',NULL,NULL,NULL),(1575,6,'GameStop',26.99,'2025-03-18 00:00:00',NULL,NULL,NULL),(1576,6,'Target',27.99,'2025-03-18 00:00:00',NULL,NULL,NULL),(1577,6,'Walmart',27.99,'2025-03-18 00:00:00',NULL,NULL,NULL),(1578,6,'BestBuy',27.99,'2025-03-19 00:00:00',NULL,NULL,NULL),(1579,6,'GameStop',26.99,'2025-03-19 00:00:00',NULL,NULL,NULL),(1580,6,'Target',27.99,'2025-03-19 00:00:00',NULL,NULL,NULL),(1581,6,'Walmart',27.99,'2025-03-19 00:00:00',NULL,NULL,NULL),(1582,6,'BestBuy',27.99,'2025-03-20 00:00:00',NULL,NULL,NULL),(1583,6,'GameStop',26.99,'2025-03-20 00:00:00',NULL,NULL,NULL),(1584,6,'Target',27.99,'2025-03-20 00:00:00',NULL,NULL,NULL),(1585,6,'Walmart',27.99,'2025-03-20 00:00:00',NULL,NULL,NULL),(1586,6,'BestBuy',27.99,'2025-03-21 00:00:00',NULL,NULL,NULL),(1587,6,'GameStop',26.99,'2025-03-21 00:00:00',NULL,NULL,NULL),(1588,6,'Target',27.99,'2025-03-21 00:00:00',NULL,NULL,NULL),(1589,6,'Walmart',27.99,'2025-03-21 00:00:00',NULL,NULL,NULL),(1590,6,'BestBuy',27.99,'2025-03-22 00:00:00',NULL,NULL,NULL),(1591,6,'GameStop',26.99,'2025-03-22 00:00:00',NULL,NULL,NULL),(1592,6,'Target',27.99,'2025-03-22 00:00:00',NULL,NULL,NULL),(1593,6,'Walmart',27.99,'2025-03-22 00:00:00',NULL,NULL,NULL),(1633,5,'BestBuy',27.99,'2025-03-01 00:00:00',NULL,NULL,NULL),(1634,5,'GameStop',39.99,'2025-03-01 00:00:00',NULL,NULL,NULL),(1635,5,'Target',27.99,'2025-03-01 00:00:00',NULL,NULL,NULL),(1636,5,'Walmart',27.99,'2025-03-01 00:00:00',NULL,NULL,NULL),(1637,5,'BestBuy',27.99,'2025-03-02 00:00:00',NULL,NULL,NULL),(1638,5,'GameStop',39.99,'2025-03-02 00:00:00',NULL,NULL,NULL),(1639,5,'Target',27.99,'2025-03-02 00:00:00',NULL,NULL,NULL),(1640,5,'Walmart',27.99,'2025-03-02 00:00:00',NULL,NULL,NULL),(1641,5,'BestBuy',27.99,'2025-03-03 00:00:00',NULL,NULL,NULL),(1642,5,'GameStop',39.99,'2025-03-03 00:00:00',NULL,NULL,NULL),(1643,5,'Target',27.99,'2025-03-03 00:00:00',NULL,NULL,NULL),(1644,5,'Walmart',27.99,'2025-03-03 00:00:00',NULL,NULL,NULL),(1645,5,'BestBuy',27.99,'2025-03-04 00:00:00',NULL,NULL,NULL),(1646,5,'GameStop',39.99,'2025-03-04 00:00:00',NULL,NULL,NULL),(1647,5,'Target',27.99,'2025-03-04 00:00:00',NULL,NULL,NULL),(1648,5,'Walmart',27.99,'2025-03-04 00:00:00',NULL,NULL,NULL),(1649,5,'BestBuy',27.99,'2025-03-05 00:00:00',NULL,NULL,NULL),(1650,5,'GameStop',39.99,'2025-03-05 00:00:00',NULL,NULL,NULL),(1651,5,'Target',27.99,'2025-03-05 00:00:00',NULL,NULL,NULL),(1652,5,'Walmart',27.99,'2025-03-05 00:00:00',NULL,NULL,NULL),(1653,5,'BestBuy',27.99,'2025-03-06 00:00:00',NULL,NULL,NULL),(1654,5,'GameStop',39.99,'2025-03-06 00:00:00',NULL,NULL,NULL),(1655,5,'Target',27.99,'2025-03-06 00:00:00',NULL,NULL,NULL),(1656,5,'Walmart',27.99,'2025-03-06 00:00:00',NULL,NULL,NULL),(1657,5,'BestBuy',27.99,'2025-03-07 00:00:00',NULL,NULL,NULL),(1658,5,'GameStop',39.99,'2025-03-07 00:00:00',NULL,NULL,NULL),(1659,5,'Target',27.99,'2025-03-07 00:00:00',NULL,NULL,NULL),(1660,5,'Walmart',27.99,'2025-03-07 00:00:00',NULL,NULL,NULL),(1661,5,'BestBuy',27.99,'2025-03-08 00:00:00',NULL,NULL,NULL),(1662,5,'GameStop',39.99,'2025-03-08 00:00:00',NULL,NULL,NULL),(1663,5,'Target',27.99,'2025-03-08 00:00:00',NULL,NULL,NULL),(1664,5,'Walmart',27.99,'2025-03-08 00:00:00',NULL,NULL,NULL),(1665,5,'BestBuy',27.99,'2025-03-09 00:00:00',NULL,NULL,NULL),(1666,5,'GameStop',39.99,'2025-03-09 00:00:00',NULL,NULL,NULL),(1667,5,'Target',27.99,'2025-03-09 00:00:00',NULL,NULL,NULL),(1668,5,'Walmart',27.99,'2025-03-09 00:00:00',NULL,NULL,NULL),(1669,5,'BestBuy',27.99,'2025-03-10 00:00:00',NULL,NULL,NULL),(1670,5,'GameStop',39.99,'2025-03-10 00:00:00',NULL,NULL,NULL),(1671,5,'Target',27.99,'2025-03-10 00:00:00',NULL,NULL,NULL),(1672,5,'Walmart',27.99,'2025-03-10 00:00:00',NULL,NULL,NULL),(1673,5,'BestBuy',27.99,'2025-03-11 00:00:00',NULL,NULL,NULL),(1674,5,'GameStop',39.99,'2025-03-11 00:00:00',NULL,NULL,NULL),(1675,5,'Target',27.99,'2025-03-11 00:00:00',NULL,NULL,NULL),(1676,5,'Walmart',27.99,'2025-03-11 00:00:00',NULL,NULL,NULL),(1677,5,'BestBuy',27.99,'2025-03-12 00:00:00',NULL,NULL,NULL),(1678,5,'GameStop',39.99,'2025-03-12 00:00:00',NULL,NULL,NULL),(1679,5,'Target',27.99,'2025-03-12 00:00:00',NULL,NULL,NULL),(1680,5,'Walmart',27.99,'2025-03-12 00:00:00',NULL,NULL,NULL),(1681,5,'BestBuy',27.99,'2025-03-13 00:00:00',NULL,NULL,NULL),(1682,5,'GameStop',39.99,'2025-03-13 00:00:00',NULL,NULL,NULL),(1683,5,'Target',27.99,'2025-03-13 00:00:00',NULL,NULL,NULL),(1684,5,'Walmart',27.99,'2025-03-13 00:00:00',NULL,NULL,NULL),(1685,5,'BestBuy',27.99,'2025-03-14 00:00:00',NULL,NULL,NULL),(1686,5,'GameStop',39.99,'2025-03-14 00:00:00',NULL,NULL,NULL),(1687,5,'Target',27.99,'2025-03-14 00:00:00',NULL,NULL,NULL),(1688,5,'Walmart',27.99,'2025-03-14 00:00:00',NULL,NULL,NULL),(1689,5,'BestBuy',27.99,'2025-03-15 00:00:00',NULL,NULL,NULL),(1690,5,'GameStop',39.99,'2025-03-15 00:00:00',NULL,NULL,NULL),(1691,5,'Target',27.99,'2025-03-15 00:00:00',NULL,NULL,NULL),(1692,5,'Walmart',27.99,'2025-03-15 00:00:00',NULL,NULL,NULL),(1693,5,'BestBuy',27.99,'2025-03-16 00:00:00',NULL,NULL,NULL),(1694,5,'GameStop',39.99,'2025-03-16 00:00:00',NULL,NULL,NULL),(1695,5,'Target',27.99,'2025-03-16 00:00:00',NULL,NULL,NULL),(1696,5,'Walmart',27.99,'2025-03-16 00:00:00',NULL,NULL,NULL),(1697,5,'BestBuy',27.99,'2025-03-17 00:00:00',NULL,NULL,NULL),(1698,5,'GameStop',39.99,'2025-03-17 00:00:00',NULL,NULL,NULL),(1699,5,'Target',27.99,'2025-03-17 00:00:00',NULL,NULL,NULL),(1700,5,'Walmart',27.99,'2025-03-17 00:00:00',NULL,NULL,NULL),(1701,5,'BestBuy',27.99,'2025-03-18 00:00:00',NULL,NULL,NULL),(1702,5,'GameStop',39.99,'2025-03-18 00:00:00',NULL,NULL,NULL),(1703,5,'Target',27.99,'2025-03-18 00:00:00',NULL,NULL,NULL),(1704,5,'Walmart',27.99,'2025-03-18 00:00:00',NULL,NULL,NULL),(1705,5,'BestBuy',27.99,'2025-03-19 00:00:00',NULL,NULL,NULL),(1706,5,'GameStop',39.99,'2025-03-19 00:00:00',NULL,NULL,NULL),(1707,5,'Target',27.99,'2025-03-19 00:00:00',NULL,NULL,NULL),(1708,5,'Walmart',27.99,'2025-03-19 00:00:00',NULL,NULL,NULL),(1709,5,'BestBuy',27.99,'2025-03-20 00:00:00',NULL,NULL,NULL),(1710,5,'GameStop',39.99,'2025-03-20 00:00:00',NULL,NULL,NULL),(1711,5,'Target',27.99,'2025-03-20 00:00:00',NULL,NULL,NULL),(1712,5,'Walmart',27.99,'2025-03-20 00:00:00',NULL,NULL,NULL),(1713,5,'BestBuy',27.99,'2025-03-21 00:00:00',NULL,NULL,NULL),(1714,5,'GameStop',39.99,'2025-03-21 00:00:00',NULL,NULL,NULL),(1715,5,'Target',27.99,'2025-03-21 00:00:00',NULL,NULL,NULL),(1716,5,'Walmart',27.99,'2025-03-21 00:00:00',NULL,NULL,NULL),(1717,5,'BestBuy',27.99,'2025-03-22 00:00:00',NULL,NULL,NULL),(1718,5,'GameStop',39.99,'2025-03-22 00:00:00',NULL,NULL,NULL),(1719,5,'Target',27.99,'2025-03-22 00:00:00',NULL,NULL,NULL),(1720,5,'Walmart',27.99,'2025-03-22 00:00:00',NULL,NULL,NULL),(1760,4,'Barnes & Noble',54.99,'2025-03-01 00:00:00',NULL,NULL,NULL),(1761,4,'BestBuy',54.99,'2025-03-01 00:00:00',NULL,NULL,NULL),(1762,4,'GameStop',49.99,'2025-03-01 00:00:00',NULL,NULL,NULL),(1763,4,'Target',54.99,'2025-03-01 00:00:00',NULL,NULL,NULL),(1764,4,'Walmart',54.99,'2025-03-01 00:00:00',NULL,NULL,NULL),(1765,4,'Barnes & Noble',54.99,'2025-03-02 00:00:00',NULL,NULL,NULL),(1766,4,'BestBuy',54.99,'2025-03-02 00:00:00',NULL,NULL,NULL),(1767,4,'GameStop',49.99,'2025-03-02 00:00:00',NULL,NULL,NULL),(1768,4,'Target',54.99,'2025-03-02 00:00:00',NULL,NULL,NULL),(1769,4,'Walmart',54.99,'2025-03-02 00:00:00',NULL,NULL,NULL),(1770,4,'Barnes & Noble',54.99,'2025-03-03 00:00:00',NULL,NULL,NULL),(1771,4,'BestBuy',54.99,'2025-03-03 00:00:00',NULL,NULL,NULL),(1772,4,'GameStop',49.99,'2025-03-03 00:00:00',NULL,NULL,NULL),(1773,4,'Target',54.99,'2025-03-03 00:00:00',NULL,NULL,NULL),(1774,4,'Walmart',54.99,'2025-03-03 00:00:00',NULL,NULL,NULL),(1775,4,'Barnes & Noble',54.99,'2025-03-04 00:00:00',NULL,NULL,NULL),(1776,4,'BestBuy',54.99,'2025-03-04 00:00:00',NULL,NULL,NULL),(1777,4,'GameStop',49.99,'2025-03-04 00:00:00',NULL,NULL,NULL),(1778,4,'Target',54.99,'2025-03-04 00:00:00',NULL,NULL,NULL),(1779,4,'Walmart',54.99,'2025-03-04 00:00:00',NULL,NULL,NULL),(1780,4,'Barnes & Noble',54.99,'2025-03-05 00:00:00',NULL,NULL,NULL),(1781,4,'BestBuy',54.99,'2025-03-05 00:00:00',NULL,NULL,NULL),(1782,4,'GameStop',49.99,'2025-03-05 00:00:00',NULL,NULL,NULL),(1783,4,'Target',54.99,'2025-03-05 00:00:00',NULL,NULL,NULL),(1784,4,'Walmart',54.99,'2025-03-05 00:00:00',NULL,NULL,NULL),(1785,4,'Barnes & Noble',54.99,'2025-03-06 00:00:00',NULL,NULL,NULL),(1786,4,'BestBuy',54.99,'2025-03-06 00:00:00',NULL,NULL,NULL),(1787,4,'GameStop',49.99,'2025-03-06 00:00:00',NULL,NULL,NULL),(1788,4,'Target',54.99,'2025-03-06 00:00:00',NULL,NULL,NULL),(1789,4,'Walmart',54.99,'2025-03-06 00:00:00',NULL,NULL,NULL),(1790,4,'Barnes & Noble',54.99,'2025-03-07 00:00:00',NULL,NULL,NULL),(1791,4,'BestBuy',54.99,'2025-03-07 00:00:00',NULL,NULL,NULL),(1792,4,'GameStop',49.99,'2025-03-07 00:00:00',NULL,NULL,NULL),(1793,4,'Target',54.99,'2025-03-07 00:00:00',NULL,NULL,NULL),(1794,4,'Walmart',54.99,'2025-03-07 00:00:00',NULL,NULL,NULL),(1795,4,'Barnes & Noble',54.99,'2025-03-08 00:00:00',NULL,NULL,NULL),(1796,4,'BestBuy',54.99,'2025-03-08 00:00:00',NULL,NULL,NULL),(1797,4,'GameStop',49.99,'2025-03-08 00:00:00',NULL,NULL,NULL),(1798,4,'Target',54.99,'2025-03-08 00:00:00',NULL,NULL,NULL),(1799,4,'Walmart',54.99,'2025-03-08 00:00:00',NULL,NULL,NULL),(1800,4,'Barnes & Noble',54.99,'2025-03-09 00:00:00',NULL,NULL,NULL),(1801,4,'BestBuy',54.99,'2025-03-09 00:00:00',NULL,NULL,NULL),(1802,4,'GameStop',49.99,'2025-03-09 00:00:00',NULL,NULL,NULL),(1803,4,'Target',54.99,'2025-03-09 00:00:00',NULL,NULL,NULL),(1804,4,'Walmart',54.99,'2025-03-09 00:00:00',NULL,NULL,NULL),(1805,4,'Barnes & Noble',54.99,'2025-03-10 00:00:00',NULL,NULL,NULL),(1806,4,'BestBuy',54.99,'2025-03-10 00:00:00',NULL,NULL,NULL),(1807,4,'GameStop',49.99,'2025-03-10 00:00:00',NULL,NULL,NULL),(1808,4,'Target',54.99,'2025-03-10 00:00:00',NULL,NULL,NULL),(1809,4,'Walmart',54.99,'2025-03-10 00:00:00',NULL,NULL,NULL),(1810,4,'Barnes & Noble',54.99,'2025-03-11 00:00:00',NULL,NULL,NULL),(1811,4,'BestBuy',54.99,'2025-03-11 00:00:00',NULL,NULL,NULL),(1812,4,'GameStop',49.99,'2025-03-11 00:00:00',NULL,NULL,NULL),(1813,4,'Target',54.99,'2025-03-11 00:00:00',NULL,NULL,NULL),(1814,4,'Walmart',54.99,'2025-03-11 00:00:00',NULL,NULL,NULL),(1815,4,'Barnes & Noble',54.99,'2025-03-12 00:00:00',NULL,NULL,NULL),(1816,4,'BestBuy',54.99,'2025-03-12 00:00:00',NULL,NULL,NULL),(1817,4,'GameStop',49.99,'2025-03-12 00:00:00',NULL,NULL,NULL),(1818,4,'Target',54.99,'2025-03-12 00:00:00',NULL,NULL,NULL),(1819,4,'Walmart',54.99,'2025-03-12 00:00:00',NULL,NULL,NULL),(1820,4,'Barnes & Noble',54.99,'2025-03-13 00:00:00',NULL,NULL,NULL),(1821,4,'BestBuy',54.99,'2025-03-13 00:00:00',NULL,NULL,NULL),(1822,4,'GameStop',49.99,'2025-03-13 00:00:00',NULL,NULL,NULL),(1823,4,'Target',54.99,'2025-03-13 00:00:00',NULL,NULL,NULL),(1824,4,'Walmart',54.99,'2025-03-13 00:00:00',NULL,NULL,NULL),(1825,4,'Barnes & Noble',54.99,'2025-03-14 00:00:00',NULL,NULL,NULL),(1826,4,'BestBuy',54.99,'2025-03-14 00:00:00',NULL,NULL,NULL),(1827,4,'GameStop',49.99,'2025-03-14 00:00:00',NULL,NULL,NULL),(1828,4,'Target',54.99,'2025-03-14 00:00:00',NULL,NULL,NULL),(1829,4,'Walmart',54.99,'2025-03-14 00:00:00',NULL,NULL,NULL),(1830,4,'Barnes & Noble',54.99,'2025-03-15 00:00:00',NULL,NULL,NULL),(1831,4,'BestBuy',54.99,'2025-03-15 00:00:00',NULL,NULL,NULL),(1832,4,'GameStop',49.99,'2025-03-15 00:00:00',NULL,NULL,NULL),(1833,4,'Target',54.99,'2025-03-15 00:00:00',NULL,NULL,NULL),(1834,4,'Walmart',54.99,'2025-03-15 00:00:00',NULL,NULL,NULL),(1835,4,'Barnes & Noble',54.99,'2025-03-16 00:00:00',NULL,NULL,NULL),(1836,4,'BestBuy',54.99,'2025-03-16 00:00:00',NULL,NULL,NULL),(1837,4,'GameStop',49.99,'2025-03-16 00:00:00',NULL,NULL,NULL),(1838,4,'Target',54.99,'2025-03-16 00:00:00',NULL,NULL,NULL),(1839,4,'Walmart',54.99,'2025-03-16 00:00:00',NULL,NULL,NULL),(1840,4,'Barnes & Noble',54.99,'2025-03-17 00:00:00',NULL,NULL,NULL),(1841,4,'BestBuy',54.99,'2025-03-17 00:00:00',NULL,NULL,NULL),(1842,4,'GameStop',49.99,'2025-03-17 00:00:00',NULL,NULL,NULL),(1843,4,'Target',54.99,'2025-03-17 00:00:00',NULL,NULL,NULL),(1844,4,'Walmart',54.99,'2025-03-17 00:00:00',NULL,NULL,NULL),(1845,4,'Barnes & Noble',54.99,'2025-03-18 00:00:00',NULL,NULL,NULL),(1846,4,'BestBuy',54.99,'2025-03-18 00:00:00',NULL,NULL,NULL),(1847,4,'GameStop',49.99,'2025-03-18 00:00:00',NULL,NULL,NULL),(1848,4,'Target',54.99,'2025-03-18 00:00:00',NULL,NULL,NULL),(1849,4,'Walmart',54.99,'2025-03-18 00:00:00',NULL,NULL,NULL),(1850,4,'Barnes & Noble',54.99,'2025-03-19 00:00:00',NULL,NULL,NULL),(1851,4,'BestBuy',54.99,'2025-03-19 00:00:00',NULL,NULL,NULL),(1852,4,'GameStop',49.99,'2025-03-19 00:00:00',NULL,NULL,NULL),(1853,4,'Target',54.99,'2025-03-19 00:00:00',NULL,NULL,NULL),(1854,4,'Walmart',54.99,'2025-03-19 00:00:00',NULL,NULL,NULL),(1855,4,'Barnes & Noble',54.99,'2025-03-20 00:00:00',NULL,NULL,NULL),(1856,4,'BestBuy',54.99,'2025-03-20 00:00:00',NULL,NULL,NULL),(1857,4,'GameStop',49.99,'2025-03-20 00:00:00',NULL,NULL,NULL),(1858,4,'Target',54.99,'2025-03-20 00:00:00',NULL,NULL,NULL),(1859,4,'Walmart',54.99,'2025-03-20 00:00:00',NULL,NULL,NULL),(1860,4,'Barnes & Noble',54.99,'2025-03-21 00:00:00',NULL,NULL,NULL),(1861,4,'BestBuy',54.99,'2025-03-21 00:00:00',NULL,NULL,NULL),(1862,4,'GameStop',49.99,'2025-03-21 00:00:00',NULL,NULL,NULL),(1863,4,'Target',54.99,'2025-03-21 00:00:00',NULL,NULL,NULL),(1864,4,'Walmart',54.99,'2025-03-21 00:00:00',NULL,NULL,NULL),(1865,4,'Barnes & Noble',54.99,'2025-03-22 00:00:00',NULL,NULL,NULL),(1866,4,'BestBuy',54.99,'2025-03-22 00:00:00',NULL,NULL,NULL),(1867,4,'GameStop',49.99,'2025-03-22 00:00:00',NULL,NULL,NULL),(1868,4,'Target',54.99,'2025-03-22 00:00:00',NULL,NULL,NULL),(1869,4,'Walmart',54.99,'2025-03-22 00:00:00',NULL,NULL,NULL),(1887,2,'BestBuy',14.99,'2025-03-01 00:00:00',NULL,NULL,NULL),(1888,2,'GameStop',14.99,'2025-03-01 00:00:00',NULL,NULL,NULL),(1889,2,'Target',16.99,'2025-03-01 00:00:00',NULL,NULL,NULL),(1890,2,'Walmart',41.99,'2025-03-01 00:00:00',NULL,NULL,NULL),(1891,2,'BestBuy',14.99,'2025-03-02 00:00:00',NULL,NULL,NULL),(1892,2,'GameStop',14.99,'2025-03-02 00:00:00',NULL,NULL,NULL),(1893,2,'Target',16.99,'2025-03-02 00:00:00',NULL,NULL,NULL),(1894,2,'Walmart',41.99,'2025-03-02 00:00:00',NULL,NULL,NULL),(1895,2,'BestBuy',14.99,'2025-03-03 00:00:00',NULL,NULL,NULL),(1896,2,'GameStop',14.99,'2025-03-03 00:00:00',NULL,NULL,NULL),(1897,2,'Target',16.99,'2025-03-03 00:00:00',NULL,NULL,NULL),(1898,2,'Walmart',41.99,'2025-03-03 00:00:00',NULL,NULL,NULL),(1899,2,'BestBuy',14.99,'2025-03-04 00:00:00',NULL,NULL,NULL),(1900,2,'GameStop',14.99,'2025-03-04 00:00:00',NULL,NULL,NULL),(1901,2,'Target',16.99,'2025-03-04 00:00:00',NULL,NULL,NULL),(1902,2,'Walmart',41.99,'2025-03-04 00:00:00',NULL,NULL,NULL),(1903,2,'BestBuy',14.99,'2025-03-05 00:00:00',NULL,NULL,NULL),(1904,2,'GameStop',14.99,'2025-03-05 00:00:00',NULL,NULL,NULL),(1905,2,'Target',16.99,'2025-03-05 00:00:00',NULL,NULL,NULL),(1906,2,'Walmart',41.99,'2025-03-05 00:00:00',NULL,NULL,NULL),(1907,2,'BestBuy',14.99,'2025-03-06 00:00:00',NULL,NULL,NULL),(1908,2,'GameStop',14.99,'2025-03-06 00:00:00',NULL,NULL,NULL),(1909,2,'Target',16.99,'2025-03-06 00:00:00',NULL,NULL,NULL),(1910,2,'Walmart',41.99,'2025-03-06 00:00:00',NULL,NULL,NULL),(1911,2,'BestBuy',14.99,'2025-03-07 00:00:00',NULL,NULL,NULL),(1912,2,'GameStop',14.99,'2025-03-07 00:00:00',NULL,NULL,NULL),(1913,2,'Target',16.99,'2025-03-07 00:00:00',NULL,NULL,NULL),(1914,2,'Walmart',41.99,'2025-03-07 00:00:00',NULL,NULL,NULL),(1915,2,'BestBuy',14.99,'2025-03-08 00:00:00',NULL,NULL,NULL),(1916,2,'GameStop',14.99,'2025-03-08 00:00:00',NULL,NULL,NULL),(1917,2,'Target',16.99,'2025-03-08 00:00:00',NULL,NULL,NULL),(1918,2,'Walmart',41.99,'2025-03-08 00:00:00',NULL,NULL,NULL),(1919,2,'BestBuy',14.99,'2025-03-09 00:00:00',NULL,NULL,NULL),(1920,2,'GameStop',14.99,'2025-03-09 00:00:00',NULL,NULL,NULL),(1921,2,'Target',16.99,'2025-03-09 00:00:00',NULL,NULL,NULL),(1922,2,'Walmart',41.99,'2025-03-09 00:00:00',NULL,NULL,NULL),(1923,2,'BestBuy',14.99,'2025-03-10 00:00:00',NULL,NULL,NULL),(1924,2,'GameStop',14.99,'2025-03-10 00:00:00',NULL,NULL,NULL),(1925,2,'Target',16.99,'2025-03-10 00:00:00',NULL,NULL,NULL),(1926,2,'Walmart',41.99,'2025-03-10 00:00:00',NULL,NULL,NULL),(1927,2,'BestBuy',14.99,'2025-03-11 00:00:00',NULL,NULL,NULL),(1928,2,'GameStop',14.99,'2025-03-11 00:00:00',NULL,NULL,NULL),(1929,2,'Target',16.99,'2025-03-11 00:00:00',NULL,NULL,NULL),(1930,2,'Walmart',41.99,'2025-03-11 00:00:00',NULL,NULL,NULL),(1931,2,'BestBuy',14.99,'2025-03-12 00:00:00',NULL,NULL,NULL),(1932,2,'GameStop',14.99,'2025-03-12 00:00:00',NULL,NULL,NULL),(1933,2,'Target',16.99,'2025-03-12 00:00:00',NULL,NULL,NULL),(1934,2,'Walmart',41.99,'2025-03-12 00:00:00',NULL,NULL,NULL),(1935,2,'BestBuy',14.99,'2025-03-13 00:00:00',NULL,NULL,NULL),(1936,2,'GameStop',14.99,'2025-03-13 00:00:00',NULL,NULL,NULL),(1937,2,'Target',16.99,'2025-03-13 00:00:00',NULL,NULL,NULL),(1938,2,'Walmart',41.99,'2025-03-13 00:00:00',NULL,NULL,NULL),(1939,2,'BestBuy',14.99,'2025-03-14 00:00:00',NULL,NULL,NULL),(1940,2,'GameStop',14.99,'2025-03-14 00:00:00',NULL,NULL,NULL),(1941,2,'Target',16.99,'2025-03-14 00:00:00',NULL,NULL,NULL),(1942,2,'Walmart',41.99,'2025-03-14 00:00:00',NULL,NULL,NULL),(1943,2,'BestBuy',14.99,'2025-03-15 00:00:00',NULL,NULL,NULL),(1944,2,'GameStop',14.99,'2025-03-15 00:00:00',NULL,NULL,NULL),(1945,2,'Target',16.99,'2025-03-15 00:00:00',NULL,NULL,NULL),(1946,2,'Walmart',41.99,'2025-03-15 00:00:00',NULL,NULL,NULL),(1947,2,'BestBuy',14.99,'2025-03-16 00:00:00',NULL,NULL,NULL),(1948,2,'GameStop',14.99,'2025-03-16 00:00:00',NULL,NULL,NULL),(1949,2,'Target',16.99,'2025-03-16 00:00:00',NULL,NULL,NULL),(1950,2,'Walmart',41.99,'2025-03-16 00:00:00',NULL,NULL,NULL),(1951,2,'BestBuy',14.99,'2025-03-17 00:00:00',NULL,NULL,NULL),(1952,2,'GameStop',14.99,'2025-03-17 00:00:00',NULL,NULL,NULL),(1953,2,'Target',16.99,'2025-03-17 00:00:00',NULL,NULL,NULL),(1954,2,'Walmart',41.99,'2025-03-17 00:00:00',NULL,NULL,NULL),(1955,2,'BestBuy',14.99,'2025-03-18 00:00:00',NULL,NULL,NULL),(1956,2,'GameStop',14.99,'2025-03-18 00:00:00',NULL,NULL,NULL),(1957,2,'Target',16.99,'2025-03-18 00:00:00',NULL,NULL,NULL),(1958,2,'Walmart',41.99,'2025-03-18 00:00:00',NULL,NULL,NULL),(1959,2,'BestBuy',14.99,'2025-03-19 00:00:00',NULL,NULL,NULL),(1960,2,'GameStop',14.99,'2025-03-19 00:00:00',NULL,NULL,NULL),(1961,2,'Target',16.99,'2025-03-19 00:00:00',NULL,NULL,NULL),(1962,2,'Walmart',41.99,'2025-03-19 00:00:00',NULL,NULL,NULL),(1963,2,'BestBuy',14.99,'2025-03-20 00:00:00',NULL,NULL,NULL),(1964,2,'GameStop',14.99,'2025-03-20 00:00:00',NULL,NULL,NULL),(1965,2,'Target',16.99,'2025-03-20 00:00:00',NULL,NULL,NULL),(1966,2,'Walmart',41.99,'2025-03-20 00:00:00',NULL,NULL,NULL),(1967,2,'BestBuy',14.99,'2025-03-21 00:00:00',NULL,NULL,NULL),(1968,2,'GameStop',14.99,'2025-03-21 00:00:00',NULL,NULL,NULL),(1969,2,'Target',16.99,'2025-03-21 00:00:00',NULL,NULL,NULL),(1970,2,'Walmart',41.99,'2025-03-21 00:00:00',NULL,NULL,NULL),(1971,2,'BestBuy',14.99,'2025-03-22 00:00:00',NULL,NULL,NULL),(1972,2,'GameStop',14.99,'2025-03-22 00:00:00',NULL,NULL,NULL),(1973,2,'Target',16.99,'2025-03-22 00:00:00',NULL,NULL,NULL),(1974,2,'Walmart',41.99,'2025-03-22 00:00:00',NULL,NULL,NULL),(2014,1,'BestBuy',89.99,'2025-03-01 00:00:00',NULL,NULL,NULL),(2015,1,'GameStop',99.99,'2025-03-01 00:00:00',NULL,NULL,NULL),(2016,1,'Target',99.99,'2025-03-01 00:00:00',NULL,NULL,NULL),(2017,1,'Walmart',59.95,'2025-03-01 00:00:00',NULL,NULL,NULL),(2018,1,'BestBuy',89.99,'2025-03-02 00:00:00',NULL,NULL,NULL),(2019,1,'GameStop',99.99,'2025-03-02 00:00:00',NULL,NULL,NULL),(2020,1,'Target',99.99,'2025-03-02 00:00:00',NULL,NULL,NULL),(2021,1,'Walmart',59.95,'2025-03-02 00:00:00',NULL,NULL,NULL),(2022,1,'BestBuy',89.99,'2025-03-03 00:00:00',NULL,NULL,NULL),(2023,1,'GameStop',99.99,'2025-03-03 00:00:00',NULL,NULL,NULL),(2024,1,'Target',99.99,'2025-03-03 00:00:00',NULL,NULL,NULL),(2025,1,'Walmart',59.95,'2025-03-03 00:00:00',NULL,NULL,NULL),(2026,1,'BestBuy',89.99,'2025-03-04 00:00:00',NULL,NULL,NULL),(2027,1,'GameStop',99.99,'2025-03-04 00:00:00',NULL,NULL,NULL),(2028,1,'Target',99.99,'2025-03-04 00:00:00',NULL,NULL,NULL),(2029,1,'Walmart',59.95,'2025-03-04 00:00:00',NULL,NULL,NULL),(2030,1,'BestBuy',89.99,'2025-03-05 00:00:00',NULL,NULL,NULL),(2031,1,'GameStop',99.99,'2025-03-05 00:00:00',NULL,NULL,NULL),(2032,1,'Target',99.99,'2025-03-05 00:00:00',NULL,NULL,NULL),(2033,1,'Walmart',59.95,'2025-03-05 00:00:00',NULL,NULL,NULL),(2034,1,'BestBuy',89.99,'2025-03-06 00:00:00',NULL,NULL,NULL),(2035,1,'GameStop',99.99,'2025-03-06 00:00:00',NULL,NULL,NULL),(2036,1,'Target',99.99,'2025-03-06 00:00:00',NULL,NULL,NULL),(2037,1,'Walmart',59.95,'2025-03-06 00:00:00',NULL,NULL,NULL),(2038,1,'BestBuy',89.99,'2025-03-07 00:00:00',NULL,NULL,NULL),(2039,1,'GameStop',99.99,'2025-03-07 00:00:00',NULL,NULL,NULL),(2040,1,'Target',99.99,'2025-03-07 00:00:00',NULL,NULL,NULL),(2041,1,'Walmart',59.95,'2025-03-07 00:00:00',NULL,NULL,NULL),(2042,1,'BestBuy',89.99,'2025-03-08 00:00:00',NULL,NULL,NULL),(2043,1,'GameStop',99.99,'2025-03-08 00:00:00',NULL,NULL,NULL),(2044,1,'Target',99.99,'2025-03-08 00:00:00',NULL,NULL,NULL),(2045,1,'Walmart',59.95,'2025-03-08 00:00:00',NULL,NULL,NULL),(2046,1,'BestBuy',89.99,'2025-03-09 00:00:00',NULL,NULL,NULL),(2047,1,'GameStop',99.99,'2025-03-09 00:00:00',NULL,NULL,NULL),(2048,1,'Target',99.99,'2025-03-09 00:00:00',NULL,NULL,NULL),(2049,1,'Walmart',59.95,'2025-03-09 00:00:00',NULL,NULL,NULL),(2050,1,'BestBuy',89.99,'2025-03-10 00:00:00',NULL,NULL,NULL),(2051,1,'GameStop',99.99,'2025-03-10 00:00:00',NULL,NULL,NULL),(2052,1,'Target',99.99,'2025-03-10 00:00:00',NULL,NULL,NULL),(2053,1,'Walmart',59.95,'2025-03-10 00:00:00',NULL,NULL,NULL),(2054,1,'BestBuy',89.99,'2025-03-11 00:00:00',NULL,NULL,NULL),(2055,1,'GameStop',99.99,'2025-03-11 00:00:00',NULL,NULL,NULL),(2056,1,'Target',99.99,'2025-03-11 00:00:00',NULL,NULL,NULL),(2057,1,'Walmart',59.95,'2025-03-11 00:00:00',NULL,NULL,NULL),(2058,1,'BestBuy',89.99,'2025-03-12 00:00:00',NULL,NULL,NULL),(2059,1,'GameStop',99.99,'2025-03-12 00:00:00',NULL,NULL,NULL),(2060,1,'Target',99.99,'2025-03-12 00:00:00',NULL,NULL,NULL),(2061,1,'Walmart',59.95,'2025-03-12 00:00:00',NULL,NULL,NULL),(2062,1,'BestBuy',89.99,'2025-03-13 00:00:00',NULL,NULL,NULL),(2063,1,'GameStop',99.99,'2025-03-13 00:00:00',NULL,NULL,NULL),(2064,1,'Target',99.99,'2025-03-13 00:00:00',NULL,NULL,NULL),(2065,1,'Walmart',59.95,'2025-03-13 00:00:00',NULL,NULL,NULL),(2066,1,'BestBuy',89.99,'2025-03-14 00:00:00',NULL,NULL,NULL),(2067,1,'GameStop',99.99,'2025-03-14 00:00:00',NULL,NULL,NULL),(2068,1,'Target',99.99,'2025-03-14 00:00:00',NULL,NULL,NULL),(2069,1,'Walmart',59.95,'2025-03-14 00:00:00',NULL,NULL,NULL),(2070,1,'BestBuy',89.99,'2025-03-15 00:00:00',NULL,NULL,NULL),(2071,1,'GameStop',99.99,'2025-03-15 00:00:00',NULL,NULL,NULL),(2072,1,'Target',99.99,'2025-03-15 00:00:00',NULL,NULL,NULL),(2073,1,'Walmart',59.95,'2025-03-15 00:00:00',NULL,NULL,NULL),(2074,1,'BestBuy',89.99,'2025-03-16 00:00:00',NULL,NULL,NULL),(2075,1,'GameStop',99.99,'2025-03-16 00:00:00',NULL,NULL,NULL),(2076,1,'Target',99.99,'2025-03-16 00:00:00',NULL,NULL,NULL),(2077,1,'Walmart',59.95,'2025-03-16 00:00:00',NULL,NULL,NULL),(2078,1,'BestBuy',89.99,'2025-03-17 00:00:00',NULL,NULL,NULL),(2079,1,'GameStop',99.99,'2025-03-17 00:00:00',NULL,NULL,NULL),(2080,1,'Target',99.99,'2025-03-17 00:00:00',NULL,NULL,NULL),(2081,1,'Walmart',59.95,'2025-03-17 00:00:00',NULL,NULL,NULL),(2082,1,'BestBuy',89.99,'2025-03-18 00:00:00',NULL,NULL,NULL),(2083,1,'GameStop',99.99,'2025-03-18 00:00:00',NULL,NULL,NULL),(2084,1,'Target',99.99,'2025-03-18 00:00:00',NULL,NULL,NULL),(2085,1,'Walmart',59.95,'2025-03-18 00:00:00',NULL,NULL,NULL),(2086,1,'BestBuy',89.99,'2025-03-19 00:00:00',NULL,NULL,NULL),(2087,1,'GameStop',99.99,'2025-03-19 00:00:00',NULL,NULL,NULL),(2088,1,'Target',99.99,'2025-03-19 00:00:00',NULL,NULL,NULL),(2089,1,'Walmart',59.95,'2025-03-19 00:00:00',NULL,NULL,NULL),(2090,1,'BestBuy',89.99,'2025-03-20 00:00:00',NULL,NULL,NULL),(2091,1,'GameStop',99.99,'2025-03-20 00:00:00',NULL,NULL,NULL),(2092,1,'Target',99.99,'2025-03-20 00:00:00',NULL,NULL,NULL),(2093,1,'Walmart',59.95,'2025-03-20 00:00:00',NULL,NULL,NULL),(2094,1,'BestBuy',89.99,'2025-03-21 00:00:00',NULL,NULL,NULL),(2095,1,'GameStop',99.99,'2025-03-21 00:00:00',NULL,NULL,NULL),(2096,1,'Target',99.99,'2025-03-21 00:00:00',NULL,NULL,NULL),(2097,1,'Walmart',59.95,'2025-03-21 00:00:00',NULL,NULL,NULL),(2098,1,'BestBuy',89.99,'2025-03-22 00:00:00',NULL,NULL,NULL),(2099,1,'GameStop',99.99,'2025-03-22 00:00:00',NULL,NULL,NULL),(2100,1,'Target',99.99,'2025-03-22 00:00:00',NULL,NULL,NULL),(2101,1,'Walmart',59.95,'2025-03-22 00:00:00',NULL,NULL,NULL),(2107,12,'Target',49.99,'2025-02-28 00:00:00','Out of stock',NULL,NULL),(2108,12,'Target',49.99,'2025-03-27 00:00:00','Out of stock',NULL,NULL),(2109,12,'Target',49.99,'2025-04-30 00:00:00','Out of stock',NULL,NULL),(2110,12,'Target',49.99,'2025-06-21 00:00:00','Out of stock',NULL,NULL),(2111,12,'BestBuy',49.99,'2025-02-28 00:00:00','Out of stock',NULL,NULL),(2112,12,'BestBuy',49.99,'2025-03-27 00:00:00','Out of stock',NULL,NULL),(2113,12,'BestBuy',49.99,'2025-04-30 00:00:00','Out of stock',NULL,NULL),(2114,12,'BestBuy',49.99,'2025-06-21 00:00:00','Out of stock',NULL,NULL),(2115,12,'GameStop',49.99,'2025-02-28 00:00:00','Out of stock',NULL,NULL),(2116,12,'GameStop',49.99,'2025-03-27 00:00:00','Out of stock',NULL,NULL),(2117,12,'GameStop',49.99,'2025-04-30 00:00:00','Out of stock',NULL,NULL),(2118,12,'GameStop',49.99,'2025-06-21 00:00:00','Out of stock',NULL,NULL),(2119,11,'Target',29.99,'2025-02-28 00:00:00','Out of stock',NULL,NULL),(2120,11,'Target',29.99,'2025-03-27 00:00:00','Out of stock',NULL,NULL),(2121,11,'Target',29.99,'2025-04-30 00:00:00','Out of stock',NULL,NULL),(2122,11,'Target',29.99,'2025-06-21 00:00:00','Out of stock',NULL,NULL),(2123,11,'Walmart',74.95,'2025-02-28 00:00:00','Out of stock',NULL,NULL),(2124,11,'Walmart',74.95,'2025-03-27 00:00:00','Out of stock',NULL,NULL),(2125,11,'Walmart',74.95,'2025-04-30 00:00:00','Out of stock',NULL,NULL),(2126,11,'Walmart',74.95,'2025-06-21 00:00:00','Out of stock',NULL,NULL),(2127,11,'BestBuy',26.94,'2025-02-28 00:00:00','Out of stock',NULL,NULL),(2128,11,'BestBuy',26.94,'2025-03-27 00:00:00','Out of stock',NULL,NULL),(2129,11,'BestBuy',26.94,'2025-04-30 00:00:00','Out of stock',NULL,NULL),(2130,11,'BestBuy',26.94,'2025-06-21 00:00:00','Out of stock',NULL,NULL),(2131,11,'GameStop',29.99,'2025-02-28 00:00:00','Out of stock',NULL,NULL),(2132,11,'GameStop',29.99,'2025-03-27 00:00:00','Out of stock',NULL,NULL),(2133,11,'GameStop',29.99,'2025-04-30 00:00:00','Out of stock',NULL,NULL),(2134,11,'GameStop',29.99,'2025-06-21 00:00:00','Out of stock',NULL,NULL),(2135,10,'Target',21.99,'2025-06-21 00:00:00','Out of stock',NULL,NULL),(2136,10,'Walmart',21.99,'2025-06-21 00:00:00','Out of stock',NULL,NULL),(2137,10,'BestBuy',21.99,'2025-06-21 00:00:00','Out of stock',NULL,NULL),(2138,10,'GameStop',21.99,'2025-06-21 00:00:00','Out of stock',NULL,NULL),(2139,9,'Target',31.99,'2025-02-28 00:00:00','Out of stock',NULL,NULL),(2140,9,'Target',31.99,'2025-03-27 00:00:00','Out of stock',NULL,NULL),(2141,9,'Target',31.99,'2025-04-30 00:00:00','Out of stock',NULL,NULL),(2142,9,'Target',31.99,'2025-06-21 00:00:00','Out of stock',NULL,NULL),(2143,9,'Walmart',31.99,'2025-02-28 00:00:00','Out of stock',NULL,NULL),(2144,9,'Walmart',31.99,'2025-03-27 00:00:00','Out of stock',NULL,NULL),(2145,9,'Walmart',31.99,'2025-04-30 00:00:00','Out of stock',NULL,NULL),(2146,9,'Walmart',31.99,'2025-06-21 00:00:00','Out of stock',NULL,NULL),(2147,9,'BestBuy',31.99,'2025-02-28 00:00:00','Out of stock',NULL,NULL),(2148,9,'BestBuy',31.99,'2025-03-27 00:00:00','Out of stock',NULL,NULL),(2149,9,'BestBuy',31.99,'2025-04-30 00:00:00','Out of stock',NULL,NULL),(2150,9,'BestBuy',31.99,'2025-06-21 00:00:00','Out of stock',NULL,NULL),(2151,9,'GameStop',29.99,'2025-02-28 00:00:00','Out of stock',NULL,NULL),(2152,9,'GameStop',29.99,'2025-03-27 00:00:00','Out of stock',NULL,NULL),(2153,9,'GameStop',29.99,'2025-04-30 00:00:00','Out of stock',NULL,NULL),(2154,9,'GameStop',29.99,'2025-06-21 00:00:00','Out of stock',NULL,NULL),(2155,9,'Barnes & Noble',29.99,'2025-02-28 00:00:00','Out of stock',NULL,NULL),(2156,9,'Barnes & Noble',29.99,'2025-03-27 00:00:00','Out of stock',NULL,NULL),(2157,9,'Barnes & Noble',29.99,'2025-04-30 00:00:00','Out of stock',NULL,NULL),(2158,9,'Barnes & Noble',29.99,'2025-06-21 00:00:00','Out of stock',NULL,NULL),(2159,8,'Target',99.99,'2025-02-28 00:00:00','Out of stock',NULL,NULL),(2160,8,'Target',99.99,'2025-03-27 00:00:00','Out of stock',NULL,NULL),(2161,8,'Target',99.99,'2025-04-30 00:00:00','Out of stock',NULL,NULL),(2162,8,'Target',99.99,'2025-06-21 00:00:00','Out of stock',NULL,NULL),(2163,8,'Walmart',99.99,'2025-02-28 00:00:00','Out of stock',NULL,NULL),(2164,8,'Walmart',99.99,'2025-03-27 00:00:00','Out of stock',NULL,NULL),(2165,8,'Walmart',99.99,'2025-04-30 00:00:00','Out of stock',NULL,NULL),(2166,8,'Walmart',99.99,'2025-06-21 00:00:00','Out of stock',NULL,NULL),(2167,8,'BestBuy',99.99,'2025-02-28 00:00:00','Out of stock',NULL,NULL),(2168,8,'BestBuy',99.99,'2025-03-27 00:00:00','Out of stock',NULL,NULL),(2169,8,'BestBuy',99.99,'2025-04-30 00:00:00','Out of stock',NULL,NULL),(2170,8,'BestBuy',99.99,'2025-06-21 00:00:00','Out of stock',NULL,NULL),(2171,7,'Target',54.99,'2025-02-28 00:00:00','Out of stock',NULL,NULL),(2172,7,'Target',54.99,'2025-03-27 00:00:00','Out of stock',NULL,NULL),(2173,7,'Target',54.99,'2025-04-30 00:00:00','Out of stock',NULL,NULL),(2174,7,'Target',54.99,'2025-06-21 00:00:00','Out of stock',NULL,NULL),(2175,7,'Walmart',54.99,'2025-02-28 00:00:00','Out of stock',NULL,NULL),(2176,7,'Walmart',54.99,'2025-03-27 00:00:00','Out of stock',NULL,NULL),(2177,7,'Walmart',54.99,'2025-04-30 00:00:00','Out of stock',NULL,NULL),(2178,7,'Walmart',54.99,'2025-06-21 00:00:00','Out of stock',NULL,NULL),(2179,7,'BestBuy',54.99,'2025-02-28 00:00:00','Out of stock',NULL,NULL),(2180,7,'BestBuy',54.99,'2025-03-27 00:00:00','Out of stock',NULL,NULL),(2181,7,'BestBuy',54.99,'2025-04-30 00:00:00','Out of stock',NULL,NULL),(2182,7,'BestBuy',54.99,'2025-06-21 00:00:00','Out of stock',NULL,NULL),(2183,7,'GameStop',189.99,'2025-02-28 00:00:00','Out of stock',NULL,NULL),(2184,7,'GameStop',189.99,'2025-03-27 00:00:00','Out of stock',NULL,NULL),(2185,7,'GameStop',189.99,'2025-04-30 00:00:00','Out of stock',NULL,NULL),(2186,7,'GameStop',189.99,'2025-06-21 00:00:00','Out of stock',NULL,NULL),(2187,6,'Target',27.99,'2025-02-28 00:00:00','Out of stock',NULL,NULL),(2188,6,'Target',27.99,'2025-03-27 00:00:00','Out of stock',NULL,NULL),(2189,6,'Target',27.99,'2025-04-30 00:00:00','Out of stock',NULL,NULL),(2190,6,'Target',27.99,'2025-06-21 00:00:00','Out of stock',NULL,NULL),(2191,6,'Walmart',27.99,'2025-02-28 00:00:00','Out of stock',NULL,NULL),(2192,6,'Walmart',27.99,'2025-03-27 00:00:00','Out of stock',NULL,NULL),(2193,6,'Walmart',27.99,'2025-04-30 00:00:00','Out of stock',NULL,NULL),(2194,6,'Walmart',27.99,'2025-06-21 00:00:00','Out of stock',NULL,NULL),(2195,6,'BestBuy',27.99,'2025-02-28 00:00:00','Out of stock',NULL,NULL),(2196,6,'BestBuy',27.99,'2025-03-27 00:00:00','Out of stock',NULL,NULL),(2197,6,'BestBuy',27.99,'2025-04-30 00:00:00','Out of stock',NULL,NULL),(2198,6,'BestBuy',27.99,'2025-06-21 00:00:00','Out of stock',NULL,NULL),(2199,6,'GameStop',26.99,'2025-02-28 00:00:00','Out of stock',NULL,NULL),(2200,6,'GameStop',26.99,'2025-03-27 00:00:00','Out of stock',NULL,NULL),(2201,6,'GameStop',26.99,'2025-04-30 00:00:00','Out of stock',NULL,NULL),(2202,6,'GameStop',26.99,'2025-06-21 00:00:00','Out of stock',NULL,NULL),(2203,1,'Target',99.99,'2025-02-28 00:00:00','Out of stock',NULL,NULL),(2204,1,'Target',99.99,'2025-03-27 00:00:00','Out of stock',NULL,NULL),(2205,1,'Target',99.99,'2025-05-15 00:00:00','Out of stock',NULL,NULL),(2206,1,'Target',99.99,'2025-06-21 00:00:00','Out of stock',NULL,NULL),(2207,1,'Walmart',59.95,'2025-02-28 00:00:00','Out of stock',NULL,NULL),(2208,1,'Walmart',59.95,'2025-03-27 00:00:00','Out of stock',NULL,NULL),(2209,1,'Walmart',59.95,'2025-05-15 00:00:00','Out of stock',NULL,NULL),(2210,1,'Walmart',59.95,'2025-06-21 00:00:00','Out of stock',NULL,NULL),(2211,1,'BestBuy',89.99,'2025-02-28 00:00:00','Out of stock',NULL,NULL),(2212,1,'BestBuy',89.99,'2025-03-27 00:00:00','Out of stock',NULL,NULL),(2213,1,'BestBuy',89.99,'2025-05-15 00:00:00','Out of stock',NULL,NULL),(2214,1,'BestBuy',89.99,'2025-06-21 00:00:00','Out of stock',NULL,NULL),(2215,1,'GameStop',99.99,'2025-02-28 00:00:00','Out of stock',NULL,NULL),(2216,1,'GameStop',99.99,'2025-03-27 00:00:00','Out of stock',NULL,NULL),(2217,1,'GameStop',99.99,'2025-05-15 00:00:00','Out of stock',NULL,NULL),(2218,1,'GameStop',99.99,'2025-06-21 00:00:00','Out of stock',NULL,NULL),(2219,2,'Target',16.99,'2025-02-28 00:00:00','Out of stock',NULL,NULL),(2220,2,'Target',16.99,'2025-03-27 00:00:00','Out of stock',NULL,NULL),(2221,2,'Target',16.99,'2025-05-15 00:00:00','Out of stock',NULL,NULL),(2222,2,'Target',16.99,'2025-06-21 00:00:00','Out of stock',NULL,NULL),(2223,2,'Walmart',41.99,'2025-02-28 00:00:00','Out of stock',NULL,NULL),(2224,2,'Walmart',41.99,'2025-03-27 00:00:00','Out of stock',NULL,NULL),(2225,2,'Walmart',41.99,'2025-05-15 00:00:00','Out of stock',NULL,NULL),(2226,2,'Walmart',41.99,'2025-06-21 00:00:00','Out of stock',NULL,NULL),(2227,2,'BestBuy',14.99,'2025-02-28 00:00:00','Out of stock',NULL,NULL),(2228,2,'BestBuy',14.99,'2025-03-27 00:00:00','Out of stock',NULL,NULL),(2229,2,'BestBuy',14.99,'2025-05-15 00:00:00','Out of stock',NULL,NULL),(2230,2,'BestBuy',14.99,'2025-06-21 00:00:00','Out of stock',NULL,NULL),(2231,2,'GameStop',14.99,'2025-02-28 00:00:00','Out of stock',NULL,NULL),(2232,2,'GameStop',14.99,'2025-03-27 00:00:00','Out of stock',NULL,NULL),(2233,2,'GameStop',14.99,'2025-05-15 00:00:00','Out of stock',NULL,NULL),(2234,2,'GameStop',14.99,'2025-06-21 00:00:00','Out of stock',NULL,NULL),(2235,4,'Target',54.99,'2025-02-28 00:00:00','Out of stock',NULL,NULL),(2236,4,'Target',54.99,'2025-03-27 00:00:00','Out of stock',NULL,NULL),(2237,4,'Target',54.99,'2025-05-15 00:00:00','Out of stock',NULL,NULL),(2238,4,'Target',54.99,'2025-06-21 00:00:00','Out of stock',NULL,NULL),(2239,4,'Walmart',54.99,'2025-02-28 00:00:00','Out of stock',NULL,NULL),(2240,4,'Walmart',54.99,'2025-03-27 00:00:00','Out of stock',NULL,NULL),(2241,4,'Walmart',54.99,'2025-05-15 00:00:00','Out of stock',NULL,NULL),(2242,4,'Walmart',54.99,'2025-06-21 00:00:00','Out of stock',NULL,NULL),(2243,4,'BestBuy',54.99,'2025-02-28 00:00:00','Out of stock',NULL,NULL),(2244,4,'BestBuy',54.99,'2025-03-27 00:00:00','Out of stock',NULL,NULL),(2245,4,'BestBuy',54.99,'2025-05-15 00:00:00','Out of stock',NULL,NULL),(2246,4,'BestBuy',54.99,'2025-06-21 00:00:00','Out of stock',NULL,NULL),(2247,4,'GameStop',49.99,'2025-02-28 00:00:00','Out of stock',NULL,NULL),(2248,4,'GameStop',49.99,'2025-03-27 00:00:00','Out of stock',NULL,NULL),(2249,4,'GameStop',49.99,'2025-05-15 00:00:00','Out of stock',NULL,NULL),(2250,4,'GameStop',49.99,'2025-06-21 00:00:00','Out of stock',NULL,NULL),(2251,4,'Barnes & Noble',54.99,'2025-02-28 00:00:00','Out of stock',NULL,NULL),(2252,4,'Barnes & Noble',54.99,'2025-03-27 00:00:00','Out of stock',NULL,NULL),(2253,4,'Barnes & Noble',54.99,'2025-05-15 00:00:00','Out of stock',NULL,NULL),(2254,4,'Barnes & Noble',54.99,'2025-06-21 00:00:00','Out of stock',NULL,NULL),(2255,5,'Target',27.99,'2025-02-28 00:00:00','Out of stock',NULL,NULL),(2256,5,'Target',27.99,'2025-03-27 00:00:00','Out of stock',NULL,NULL),(2257,5,'Target',27.99,'2025-05-15 00:00:00','Out of stock',NULL,NULL),(2258,5,'Target',27.99,'2025-06-21 00:00:00','Out of stock',NULL,NULL),(2259,5,'Walmart',27.99,'2025-02-28 00:00:00','Out of stock',NULL,NULL),(2260,5,'Walmart',27.99,'2025-03-27 00:00:00','Out of stock',NULL,NULL),(2261,5,'Walmart',27.99,'2025-05-15 00:00:00','Out of stock',NULL,NULL),(2262,5,'Walmart',27.99,'2025-06-21 00:00:00','Out of stock',NULL,NULL),(2263,5,'BestBuy',27.99,'2025-02-28 00:00:00','Out of stock',NULL,NULL),(2264,5,'BestBuy',27.99,'2025-03-27 00:00:00','Out of stock',NULL,NULL),(2265,5,'BestBuy',27.99,'2025-05-15 00:00:00','Out of stock',NULL,NULL),(2266,5,'BestBuy',27.99,'2025-06-21 00:00:00','Out of stock',NULL,NULL),(2267,5,'GameStop',39.99,'2025-02-28 00:00:00','Out of stock',NULL,NULL),(2268,5,'GameStop',39.99,'2025-03-27 00:00:00','Out of stock',NULL,NULL),(2269,5,'GameStop',39.99,'2025-05-15 00:00:00','Out of stock',NULL,NULL),(2270,5,'GameStop',39.99,'2025-06-21 00:00:00','Out of stock',NULL,NULL);
/*!40000 ALTER TABLE `pricehistory` ENABLE KEYS */;
UNLOCK TABLES;

--
-- Table structure for table `products`
--

DROP TABLE IF EXISTS `products`;
/*!40101 SET @saved_cs_client     = @@character_set_client */;
/*!50503 SET character_set_client = utf8mb4 */;
CREATE TABLE `products` (
  `product_id` int NOT NULL AUTO_INCREMENT,
  `retailer` varchar(255) NOT NULL,
  `title` varchar(255) NOT NULL,
  `url` varchar(255) NOT NULL,
  `image` varchar(255) DEFAULT NULL,
  `screenshot` varchar(255) DEFAULT NULL,
  `stock_status` varchar(50) NOT NULL,
  `release_date` date DEFAULT NULL,
  `tcin` varchar(20) DEFAULT NULL COMMENT 'Target Catalog Item Number',
  PRIMARY KEY (`product_id`),
  UNIQUE KEY `tcin` (`tcin`)
) ENGINE=InnoDB AUTO_INCREMENT=94300073 DEFAULT CHARSET=utf8mb4 COLLATE=utf8mb4_0900_ai_ci;
/*!40101 SET character_set_client = @saved_cs_client */;

--
-- Dumping data for table `products`
--

LOCK TABLES `products` WRITE;
/*!40000 ALTER TABLE `products` DISABLE KEYS */;
INSERT INTO `products` VALUES (1,'Target','2025 Pokémon Prismatic Evolutions Super Premium Collection','https://www.target.com/p/2025-pok-233-mon-prismatic-evolutions-super-premium-collection/-/A-94300072','https://target.scene7.com/is/image/Target/GUEST_e9b070dc-a9b9-4cf1-a8f0-0b01963959da?wid=1200&hei=1200&qlt=80&fmt=webp','https://target.scene7.com/is/image/Target/GUEST_e9b070dc-a9b9-4cf1-a8f0-0b01963959da?wid=1200&hei=1200&qlt=80&fmt=webp','Out of stock','2025-05-16',NULL),(2,'Target','Pokémon Trading Card Game: Scarlet & Violet—Prismatic Evolutions Poster Collection','https://www.target.com/p/2025-pokemon-scarlet-violet-s8-5-poster-collection/-/A-93803457','https://target.scene7.com/is/image/Target/GUEST_e07202fb-27de-4eff-bf0d-42b776e651e6?wid=1200&hei=1200&qlt=80&fmt=webp','https://target.scene7.com/is/image/Target/GUEST_e07202fb-27de-4eff-bf0d-42b776e651e6?wid=1200&hei=1200&qlt=80&fmt=webp','Out of stock',NULL,NULL),(4,'Target','Pokémon Trading Card Game: Scarlet & Violet—Prismatic Evolutions Elite Trainer Box','https://www.target.com/p/2024-pok-scarlet-violet-s8-5-elite-trainer-box/-/A-93954435','https://target.scene7.com/is/image/Target/GUEST_e4b750a2-a6c6-4a5f-a485-259bb3da3245?wid=800&hei=800&qlt=80&fmt=pjpeg','https://target.scene7.com/is/image/Target/GUEST_e4b750a2-a6c6-4a5f-a485-259bb3da3245?wid=800&hei=800&qlt=80&fmt=pjpeg','Out of stock',NULL,NULL),(5,'Target','Pokémon Scarlet Violet S3.5 Booster Bundle Box','https://www.target.com/p/pokemon-scarlet-violet-s3-5-booster-bundle-box/-/A-88897904','https://target.scene7.com/is/image/Target/GUEST_902f735b-3244-464e-a056-e7a378e489e8?wid=800&hei=800&qlt=80&fmt=pjpeg','https://target.scene7.com/is/image/Target/GUEST_902f735b-3244-464e-a056-e7a378e489e8?wid=800&hei=800&qlt=80&fmt=pjpeg','Out of stock',NULL,NULL),(6,'Target','Pokémon Trading Card Game: Crown Zenith Booster Bundle Box','https://www.target.com/p/pok-233-mon-trading-card-game-crown-zenith-booster-bundle-box/-/A-94091405','https://target.scene7.com/is/image/Target/GUEST_c56277db-f6cd-43b1-89d3-818e3e0a020a?wid=800&hei=800&qlt=80&fmt=pjpeg','https://target.scene7.com/is/image/Target/GUEST_c56277db-f6cd-43b1-89d3-818e3e0a020a?wid=800&hei=800&qlt=80&fmt=pjpeg','Out of stock',NULL,NULL),(7,'Target','Pokémon Trading Card Game: Scarlet & Violet 151 Elite Trainer Box','https://www.target.com/p/pokemon-trading-card-game-scarlet-38-violet-151-elite-trainer-box/-/A-88897899','https://target.scene7.com/is/image/Target/GUEST_b567bebf-f3e1-42d2-ab3a-25f1a9530ac8?wid=800&hei=800&qlt=80&fmt=pjpeg','https://target.scene7.com/is/image/Target/GUEST_b567bebf-f3e1-42d2-ab3a-25f1a9530ac8?wid=800&hei=800&qlt=80&fmt=pjpeg','Out of stock',NULL,NULL),(8,'Target','Pokémon Trading Card Game: Scarlet & Violet 151 Ultra-premium Collection','https://www.target.com/p/pokemon-trading-card-game-scarlet-38-violet-151-ultra-premium-collection/-/A-88897906','https://target.scene7.com/is/image/Target/GUEST_60663694-4352-48f5-a8b8-ad41b7f4ddbf?wid=800&hei=800&qlt=80&fmt=pjpeg','https://target.scene7.com/is/image/Target/GUEST_60663694-4352-48f5-a8b8-ad41b7f4ddbf?wid=800&hei=800&qlt=80&fmt=pjpeg','Out of stock',NULL,NULL),(9,'Target','Pokémon Trading Card Game: Scarlet & Violet—Prismatic Evolutions Binder Collection','https://www.target.com/p/2025-pokemon-prismatic-evolutions-binder-collection/-/A-94300066','https://target.scene7.com/is/image/Target/GUEST_033cedbf-e657-49ab-b778-94617c4afa91?wid=800&hei=800&qlt=80&fmt=pjpeg','https://target.scene7.com/is/image/Target/GUEST_033cedbf-e657-49ab-b778-94617c4afa91?wid=800&hei=800&qlt=80&fmt=pjpeg','Out of stock',NULL,NULL),(10,'Target','Pokémon Trading Card Game: Scarlet & Violet - 151 Collection - Zapdos Ex','https://www.target.com/p/pok-233-mon-trading-card-game-scarlet-38-violet-151-collection-zapdos-ex/-/A-88897898','https://target.scene7.com/is/image/Target/GUEST_362f729b-df8a-451c-a277-fb312ae53f6d?wid=800&hei=800&qlt=80&fmt=pjpeg','https://target.scene7.com/is/image/Target/GUEST_362f729b-df8a-451c-a277-fb312ae53f6d?wid=800&hei=800&qlt=80&fmt=pjpeg','Out of stock',NULL,NULL),(11,'Target','Pokémon Trading Card Game: Scarlet & Violet—Prismatic Evolutions Booster Bundle','https://www.target.com/p/pok-233-mon-trading-card-game-scarlet-38-violet-prismatic-evolutions-booster-bundle/-/A-93954446','https://target.scene7.com/is/image/Target/GUEST_fb9a8b86-53d2-481f-a009-1e38ddd60cd2?wid=1200&hei=1200&qlt=80&fmt=webp','https://target.scene7.com/is/image/Target/GUEST_fb9a8b86-53d2-481f-a009-1e38ddd60cd2?wid=1200&hei=1200&qlt=80&fmt=webp','Out of stock',NULL,NULL),(12,'Target','Pokémon Trading Card Game: Scarlet & Violet—Journey Together Elite Trainer Box','https://www.target.com/p/2025-pok-233-mon-scarlet-violet-s9-elite-trainer-box/-/A-93803439','https://target.scene7.com/is/image/Target/GUEST_c01dd4ae-55bb-4209-9623-06f88b70fb64?wid=1200&hei=1200&qlt=80&fmt=webp','https://target.scene7.com/is/image/Target/GUEST_c01dd4ae-55bb-4209-9623-06f88b70fb64?wid=1200&hei=1200&qlt=80&fmt=webp','Out of stock','2025-03-27',NULL);
/*!40000 ALTER TABLE `products` ENABLE KEYS */;
UNLOCK TABLES;

--
-- Table structure for table `reset_tokens`
--

DROP TABLE IF EXISTS `reset_tokens`;
/*!40101 SET @saved_cs_client     = @@character_set_client */;
/*!50503 SET character_set_client = utf8mb4 */;
CREATE TABLE `reset_tokens` (
  `id` int NOT NULL AUTO_INCREMENT,
  `email` varchar(255) NOT NULL,
  `token` varchar(64) NOT NULL,
  `expires` datetime NOT NULL,
  PRIMARY KEY (`id`),
  UNIQUE KEY `token` (`token`),
  KEY `idx_token` (`token`),
  KEY `idx_expires` (`expires`)
) ENGINE=InnoDB AUTO_INCREMENT=4 DEFAULT CHARSET=utf8mb4 COLLATE=utf8mb4_0900_ai_ci;
/*!40101 SET character_set_client = @saved_cs_client */;

--
-- Dumping data for table `reset_tokens`
--

LOCK TABLES `reset_tokens` WRITE;
/*!40000 ALTER TABLE `reset_tokens` DISABLE KEYS */;
INSERT INTO `reset_tokens` VALUES (2,'derekgallardo01@gmail.com','ea640d86dae1ef2ff744d3f8271d794feea53300a4ed88a2be3d80415b0767df','2025-03-22 17:34:08'),(3,'derekgallardo01@gmail.com','e01c5af9aa172675f770db42d653c0aed5f63a3e2a3461bf0c75c25a6208d624','2025-03-28 12:23:37');
/*!40000 ALTER TABLE `reset_tokens` ENABLE KEYS */;
UNLOCK TABLES;

--
-- Table structure for table `user`
--

DROP TABLE IF EXISTS `user`;
/*!40101 SET @saved_cs_client     = @@character_set_client */;
/*!50503 SET character_set_client = utf8mb4 */;
CREATE TABLE `user` (
  `id` int NOT NULL AUTO_INCREMENT,
  `email` varchar(191) CHARACTER SET utf8mb4 COLLATE utf8mb4_unicode_ci NOT NULL,
  `name` varchar(191) CHARACTER SET utf8mb4 COLLATE utf8mb4_unicode_ci NOT NULL,
  `role` varchar(191) CHARACTER SET utf8mb4 COLLATE utf8mb4_unicode_ci NOT NULL,
  `registeredAt` datetime(3) NOT NULL,
  `lastLoginAt` datetime(3) DEFAULT NULL,
  `subscriptionStatus` varchar(191) CHARACTER SET utf8mb4 COLLATE utf8mb4_unicode_ci NOT NULL,
  `auditTrail` json DEFAULT NULL,
  PRIMARY KEY (`id`),
  UNIQUE KEY `User_email_key` (`email`)
) ENGINE=InnoDB DEFAULT CHARSET=utf8mb4 COLLATE=utf8mb4_unicode_ci;
/*!40101 SET character_set_client = @saved_cs_client */;

--
-- Dumping data for table `user`
--

LOCK TABLES `user` WRITE;
/*!40000 ALTER TABLE `user` DISABLE KEYS */;
/*!40000 ALTER TABLE `user` ENABLE KEYS */;
UNLOCK TABLES;

--
-- Table structure for table `user_cards`
--

DROP TABLE IF EXISTS `user_cards`;
/*!40101 SET @saved_cs_client     = @@character_set_client */;
/*!50503 SET character_set_client = utf8mb4 */;
CREATE TABLE `user_cards` (
  `id` int NOT NULL AUTO_INCREMENT,
  `owner_id` int NOT NULL,
  `card_id` int NOT NULL,
  `condition` varchar(50) COLLATE utf8mb4_unicode_ci DEFAULT NULL,
  `is_for_sale` tinyint(1) NOT NULL DEFAULT '0',
  `sale_type` varchar(50) COLLATE utf8mb4_unicode_ci DEFAULT NULL,
  `fixed_price` decimal(10,2) DEFAULT NULL,
  `reserve_price` decimal(10,2) DEFAULT NULL,
  `auction_end` datetime DEFAULT NULL,
  `is_sold` tinyint(1) NOT NULL DEFAULT '0',
  `notes` varchar(255) COLLATE utf8mb4_unicode_ci DEFAULT NULL,
  `acquired_date` datetime DEFAULT NULL,
  PRIMARY KEY (`id`),
  KEY `owner_id` (`owner_id`),
  KEY `card_id` (`card_id`),
  CONSTRAINT `user_cards_ibfk_1` FOREIGN KEY (`owner_id`) REFERENCES `users` (`id`) ON DELETE CASCADE,
  CONSTRAINT `user_cards_ibfk_2` FOREIGN KEY (`card_id`) REFERENCES `cards` (`id`) ON DELETE CASCADE
) ENGINE=InnoDB AUTO_INCREMENT=7 DEFAULT CHARSET=utf8mb4 COLLATE=utf8mb4_unicode_ci;
/*!40101 SET character_set_client = @saved_cs_client */;

--
-- Dumping data for table `user_cards`
--

LOCK TABLES `user_cards` WRITE;
/*!40000 ALTER TABLE `user_cards` DISABLE KEYS */;
INSERT INTO `user_cards` VALUES (1,16,1,'Near Mint',0,NULL,NULL,NULL,NULL,0,'From booster pack','2025-06-21 00:00:00'),(2,16,2,'Lightly Played',0,NULL,NULL,NULL,NULL,0,'Traded','2025-06-20 00:00:00'),(4,16,1,'Near Mint',0,NULL,NULL,NULL,NULL,0,'From booster pack','2025-06-21 00:00:00'),(5,16,2,'Lightly Played',0,NULL,NULL,NULL,NULL,0,'Traded','2025-06-20 00:00:00');
/*!40000 ALTER TABLE `user_cards` ENABLE KEYS */;
UNLOCK TABLES;

--
-- Table structure for table `users`
--

DROP TABLE IF EXISTS `users`;
/*!40101 SET @saved_cs_client     = @@character_set_client */;
/*!50503 SET character_set_client = utf8mb4 */;
CREATE TABLE `users` (
  `id` int NOT NULL AUTO_INCREMENT,
  `email` varchar(255) NOT NULL,
  `name` varchar(255) NOT NULL,
  `password` varchar(255) NOT NULL,
  `role` varchar(50) NOT NULL DEFAULT 'user',
  `subscriptionStatus` varchar(50) NOT NULL DEFAULT 'inactive',
  `last_login_at` datetime DEFAULT NULL,
  `discord_access_token` varchar(255) DEFAULT NULL,
  `discord_refresh_token` varchar(255) DEFAULT NULL,
  `google_access_token` varchar(255) DEFAULT NULL,
  `google_refresh_token` varchar(255) DEFAULT NULL,
  `google_scopes` varchar(255) DEFAULT NULL,
  `registeredAt` datetime NOT NULL DEFAULT CURRENT_TIMESTAMP,
  `is_verified` tinyint DEFAULT '0',
  `verification_code` varchar(10) DEFAULT NULL,
  PRIMARY KEY (`id`),
  UNIQUE KEY `email` (`email`)
) ENGINE=InnoDB AUTO_INCREMENT=18 DEFAULT CHARSET=utf8mb4 COLLATE=utf8mb4_0900_ai_ci;
/*!40101 SET character_set_client = @saved_cs_client */;

--
-- Dumping data for table `users`
--

LOCK TABLES `users` WRITE;
/*!40000 ALTER TABLE `users` DISABLE KEYS */;
INSERT INTO `users` VALUES (16,'derekgallardo01@gmail.com','Derek Gallardo','$2a$12$ZCXVrzPc5.2qENjC48wgsur.c4JP7Cm.bLUMisC8iwXevbXPP1fL2','user','inactive','2025-06-22 15:19:25','HBpfv5XnPCecvNjsmS1axLbzclqr9T','A1HLHNyZ4FaSr3Uv8BiG7F14qrSmPo',NULL,NULL,NULL,'2025-03-09 19:27:39',1,NULL);
/*!40000 ALTER TABLE `users` ENABLE KEYS */;
UNLOCK TABLES;

--
-- Table structure for table `waitlist`
--

DROP TABLE IF EXISTS `waitlist`;
/*!40101 SET @saved_cs_client     = @@character_set_client */;
/*!50503 SET character_set_client = utf8mb4 */;
CREATE TABLE `waitlist` (
  `id` int NOT NULL AUTO_INCREMENT,
  `email` varchar(255) NOT NULL,
  `phone_number` varchar(20) DEFAULT NULL,
  `name` varchar(255) NOT NULL,
  `created_at` timestamp NULL DEFAULT CURRENT_TIMESTAMP,
  `status` varchar(50) DEFAULT 'PENDING',
  `source` varchar(50) DEFAULT 'WEBSITE',
  `metadata` json DEFAULT NULL,
  PRIMARY KEY (`id`),
  UNIQUE KEY `email` (`email`)
) ENGINE=InnoDB AUTO_INCREMENT=93 DEFAULT CHARSET=utf8mb4 COLLATE=utf8mb4_0900_ai_ci;
/*!40101 SET character_set_client = @saved_cs_client */;

--
-- Dumping data for table `waitlist`
--

LOCK TABLES `waitlist` WRITE;
/*!40000 ALTER TABLE `waitlist` DISABLE KEYS */;
INSERT INTO `waitlist` VALUES (90,'derekgallardo01@gmail.com','7867075642','derek','2025-06-02 04:53:52','SUBSCRIBED','WEBSITE','{\"source\": \"landing_page\", \"browser\": {\"os\": \"Unknown OS\", \"name\": \"Unknown Browser\", \"device\": \"Unknown Device\", \"version\": \"Unknown Version\", \"osVersion\": \"Unknown Version\", \"deviceModel\": \"Unknown Model\"}, \"updated\": true, \"timezone\": \"UTC\", \"timestamp\": \"June 7, 2025 at 8:49:13 PM UTC\", \"ip_address\": \"::ffff:94.140.11.134\"}'),(91,'testuser1@gmail.com','788707','testestst','2025-06-07 20:49:34','SUBSCRIBED','WEBSITE','{\"source\": \"landing_page\", \"browser\": {\"os\": \"Unknown OS\", \"name\": \"Unknown Browser\", \"device\": \"Unknown Device\", \"version\": \"Unknown Version\", \"osVersion\": \"Unknown Version\", \"deviceModel\": \"Unknown Model\"}, \"timezone\": \"UTC\", \"timestamp\": \"6/7/2025, 4:49:34 PM\", \"ip_address\": \"::ffff:94.140.11.134\"}'),(92,'testuser3@gmail.com','7867075642','test','2025-06-07 20:57:23','SUBSCRIBED','WEBSITE','{\"source\": \"landing_page\", \"browser\": {\"os\": \"Unknown OS\", \"name\": \"Unknown Browser\", \"device\": \"Unknown Device\", \"version\": \"Unknown Version\", \"osVersion\": \"Unknown Version\", \"deviceModel\": \"Unknown Model\"}, \"timezone\": \"UTC\", \"timestamp\": \"6/7/2025, 4:57:22 PM\", \"ip_address\": \"::1\"}');
/*!40000 ALTER TABLE `waitlist` ENABLE KEYS */;
UNLOCK TABLES;

--
-- Table structure for table `watchlist`
--

DROP TABLE IF EXISTS `watchlist`;
/*!40101 SET @saved_cs_client     = @@character_set_client */;
/*!50503 SET character_set_client = utf8mb4 */;
CREATE TABLE `watchlist` (
  `id` int NOT NULL AUTO_INCREMENT,
  `retailer_name` varchar(255) NOT NULL,
  `product_url` varchar(255) DEFAULT NULL,
  `product_title` varchar(255) NOT NULL,
  `price` decimal(10,2) NOT NULL,
  `stock_quantity` int DEFAULT NULL,
  `stock_status` varchar(50) DEFAULT NULL,
  `user_id` int NOT NULL,
  PRIMARY KEY (`id`),
  KEY `user_id` (`user_id`),
  CONSTRAINT `watchlist_ibfk_1` FOREIGN KEY (`user_id`) REFERENCES `users` (`id`) ON DELETE CASCADE
) ENGINE=InnoDB DEFAULT CHARSET=utf8mb4 COLLATE=utf8mb4_0900_ai_ci;
/*!40101 SET character_set_client = @saved_cs_client */;

--
-- Dumping data for table `watchlist`
--

LOCK TABLES `watchlist` WRITE;
/*!40000 ALTER TABLE `watchlist` DISABLE KEYS */;
/*!40000 ALTER TABLE `watchlist` ENABLE KEYS */;
UNLOCK TABLES;
/*!40103 SET TIME_ZONE=@OLD_TIME_ZONE */;

/*!40101 SET SQL_MODE=@OLD_SQL_MODE */;
/*!40014 SET FOREIGN_KEY_CHECKS=@OLD_FOREIGN_KEY_CHECKS */;
/*!40014 SET UNIQUE_CHECKS=@OLD_UNIQUE_CHECKS */;
/*!40101 SET CHARACTER_SET_CLIENT=@OLD_CHARACTER_SET_CLIENT */;
/*!40101 SET CHARACTER_SET_RESULTS=@OLD_CHARACTER_SET_RESULTS */;
/*!40101 SET COLLATION_CONNECTION=@OLD_COLLATION_CONNECTION */;
/*!40111 SET SQL_NOTES=@OLD_SQL_NOTES */;

-- Dump completed on 2025-06-22 15:25:44
